[
  {
    "Id": "1063646",
    "ThreadId": "448837",
    "Html": "Hi,\r<br />\n<br />\non your home page you mention that your tool is compatible with vstest.console.exe command line tool. \r<br />\n<br />\nCan you please provide an example how to parse the coverage output file created by vstest?\r<br />\n<br />\nWhen I try the below command, I get an error stating &quot;Error during reading report ... Data at the root level is invalid. Line 1, position 1.&quot;.<br />\n<pre><code>ReportGenerator.exe &quot;-reports:c:\\TestResults\\SomeGuid\\SomeUser_ 2013-07-02 16_41_03.coverage&quot; -targetdir:c:\\report -reporttypes:Html</code></pre>\n\nThe coverage file is created with the following command:<br />\n<pre><code>&quot;c:\\Program Files (x86)\\Microsoft Visual Studio 11.0\\Common7\\IDE\\CommonExtensions\\Microsoft\\TestWindow\\vstest.console.exe&quot;  MyTestAssembly.dll  /Platform:x64 /InIsolation /EnableCodeCoverage</code></pre>\n\nregards,\r<br />\nEsge<br />\n",
    "PostedDate": "2013-07-02T08:19:51.553-07:00",
    "UserRole": null,
    "MarkedAsAnswerDate": null
  },
  {
    "Id": "1064077",
    "ThreadId": "448837",
    "Html": "Hi Esge,\r<br />\n<br />\nif you execute your tests in Visual Studio, you can export the coverage to an *.coveragexml file (see this explanation: <a href=\"http://stackoverflow.com/a/4938700/203416\" rel=\"nofollow\">http://stackoverflow.com/a/4938700/203416</a>).\r<br />\nThis file can be parsed by ReportGenerator. ReportGenerator is currently not able to process *.coverage files directly.\r<br />\n<br />\nThe conversion only works with Visual Studio Premium and Ultimate. And only in Visual Studio, not on the command line.\r<br />\n<br />\nBut there is an easy way to manually convert the <em>.coverage to an </em>.coveragexml:\r<br />\n<br />\nCreate a new command line project in Visual Studio and add a reference to <em>C:\\Program Files (x86)\\Microsoft Visual Studio 10.0\\Common7\\IDE\\PrivateAssemblies\\Microsoft.VisualStudio.Coverage.Analysis.dll</em>\r<br />\n<br />\nAdd the following code (paths are hard coded here, but could be supplied as argument):<br />\n<pre><code>using Microsoft.VisualStudio.Coverage.Analysis;\n\nnamespace CoverageConverter\n{\n    class Program\n    {\n        static void Main(string[] args)\n        {\n            using (CoverageInfo info = CoverageInfo.CreateFromFile(&quot;data.coverage&quot;, new string[] { @&quot;DIRECTORY_OF_YOUR_DLL_OR_EXE&quot;}, new string[] { }))\n            {\n                CoverageDS data = info.BuildDataSet();\n\n                data.WriteXml(&quot;converted.coveragexml&quot;);\n            }\n        }\n    }\n}</code></pre>\n\nBefore executing your tool, you have to copy <em>C:\\Program Files (x86)\\Microsoft Visual Studio 10.0\\Common7\\IDE\\PrivateAssemblies\\Microsoft.VisualStudio.Coverage.Symbols.dll</em> to the output directory of your project.\r<br />\n<br />\nFor Visual Studio 2012 you will find the DLLs in this directory: <em>C:\\Program Files (x86)\\Microsoft Visual Studio 11.0\\Common7\\IDE\\PrivateAssemblies</em>\r<br />\n<br />\nI would like to add this code to ReportGenerator, but that's not possible, since I can't add the Visual Studio DLLs to my project.\r<br />\n<br />\nHope this helps.<br />\n",
    "PostedDate": "2013-07-03T05:42:18.307-07:00",
    "UserRole": null,
    "MarkedAsAnswerDate": null
  },
  {
    "Id": "1065949",
    "ThreadId": "448837",
    "Html": "Thank you for the explanation. I built the conversion tool according to your instructions and it works nicely. And the report is great. Thanks again.<br />\n",
    "PostedDate": "2013-07-09T00:00:13.583-07:00",
    "UserRole": null,
    "MarkedAsAnswerDate": null
  }
]