[
  {
    "Id": "1331127",
    "ThreadId": "574708",
    "Html": "I've got reports that were generated for Opencover and in IE 10 the Assembly info is not properly rendered, just nothing below the summary.\r<br />\nUsing IE's script debugger I get the following info:<br />\n<pre><code>TypeError: Object doesn't support property or method 'time'\n   at $digest (http://server/job/Job1/Code_Coverage_Reports/combined.js:999:9)\n   at $apply (http://server/job/Job1/Code_Coverage_Reports/combined.js:114:262)\n   at Anonymous function (http://server/job/Job1/Code_Coverage_Reports/combined.js:18:235)\n   at e (http://server/job/Job1/Code_Coverage_Reports/combined.js:36:85)\n   at d (http://server/job/Job1/Code_Coverage_Reports/combined.js:18:156)\n   at ec (http://server/job/Job1/Code_Coverage_Reports/combined.js:18:347)\n   at pd (http://server/job/Job1/Code_Coverage_Reports/combined.js:17:399)\n   at Anonymous function (http://server/job/Job1/Code_Coverage_Reports/combined.js:222:132)\n   at a (http://server/job/Job1/Code_Coverage_Reports/combined.js:147:322)\n   at Anonymous function (http://server/job/Job1/Code_Coverage_Reports/combined.js:32:21) \nSCRIPT438: Object doesn't support property or method 'time' \ncombined.js, line 114 character 283</code></pre>\n\nIs this a bug or just some setting to fix?\r<br />\n<br />\nThanks<br />\n",
    "PostedDate": "2014-12-11T13:06:59.953-08:00",
    "UserRole": null,
    "MarkedAsAnswerDate": null
  },
  {
    "Id": "1331245",
    "ThreadId": "574708",
    "Html": "Could you please send me the relevant HTML file? Then I can have a look.<br />\n<br />\nThank you<br />\n",
    "PostedDate": "2014-12-12T00:57:40.937-08:00",
    "UserRole": null,
    "MarkedAsAnswerDate": null
  },
  {
    "Id": "1331473",
    "ThreadId": "574708",
    "Html": "I have fixed this problem in changeset 75994.\r<br />\nNew release will be available soon.\r<br />\n<br />\nThanks for reporting this issue!<br />\n",
    "PostedDate": "2014-12-12T13:28:44.367-08:00",
    "UserRole": null,
    "MarkedAsAnswerDate": "2014-12-30T13:17:09.123-08:00"
  },
  {
    "Id": "1331477",
    "ThreadId": "574708",
    "Html": "Excellent. Thanks. I'll keep my eye for the release.<br />\n",
    "PostedDate": "2014-12-12T13:33:04.283-08:00",
    "UserRole": null,
    "MarkedAsAnswerDate": null
  },
  {
    "Id": "1336848",
    "ThreadId": "574708",
    "Html": "New release is now available.<br />\n",
    "PostedDate": "2014-12-23T12:33:07.927-08:00",
    "UserRole": null,
    "MarkedAsAnswerDate": null
  },
  {
    "Id": "1337942",
    "ThreadId": "574708",
    "Html": "Works great now. Thanks.<br />\n",
    "PostedDate": "2014-12-30T09:55:18.203-08:00",
    "UserRole": null,
    "MarkedAsAnswerDate": null
  }
]