[
  {
    "Id": "1248932",
    "ThreadId": "546381",
    "Html": "I ran OpenCover + Report Generator to check coverage of some of my codes. For one class, the report summary metric section shows 100% covered.\r<br />\n<br />\n<img src=\"http://i62.tinypic.com/vngumb.png\" alt=\"Image\" />\r<br />\n<br />\nBut in the source code line coverage area, tool still marks many lines not covered.\r<br />\n<br />\n<img src=\"http://i57.tinypic.com/2h3rjic.png\" alt=\"Image\" /><br />\n",
    "PostedDate": "2014-05-23T07:57:02.293-07:00",
    "UserRole": null,
    "MarkedAsAnswerDate": null
  },
  {
    "Id": "1249051",
    "ThreadId": "546381",
    "Html": "Thanks for your message.\r<br />\n<br />\nI tried to reproduce with a similar code snippet, but for me everything works.\r<br />\nCould you please share the OpenCover report with me (I don't need the source code of your project)?\r<br />\nIf this is not possible, could you create a minimum code sample which shows the same problem?\r<br />\n<br />\nWhich version of OpenCover and ReportGenerator are you using?<br />\n",
    "PostedDate": "2014-05-23T13:32:34.38-07:00",
    "UserRole": null,
    "MarkedAsAnswerDate": null
  },
  {
    "Id": "1249638",
    "ThreadId": "546381",
    "Html": "Hi Daniel,\r<br />\n<br />\nDo you just need that .trx file or .xml file (with &lt;CoverageSession xmlns:xsi=&quot;<a href=\"http://www.w3.org/2001/XMLSchema-instance\" rel=\"nofollow\">http://www.w3.org/2001/XMLSchema-instance</a>&quot; xmlns:xsd=&quot;<a href=\"http://www.w3.org/2001/XMLSchema\" rel=\"nofollow\">http://www.w3.org/2001/XMLSchema</a>&quot;&gt; ..... &lt;/CoverageSession&gt;)? How do I send the report to you? I don't want the information to be publicly visible here.\r<br />\n<br />\nOpenCover version is 4.5.2501.6\r<br />\nReport Generator version is 1.9.1<br />\n",
    "PostedDate": "2014-05-26T06:09:04.62-07:00",
    "UserRole": null,
    "MarkedAsAnswerDate": null
  },
  {
    "Id": "1249648",
    "ThreadId": "546381",
    "Html": "Thanks for your reply.<br />\nI need the XML file<br />\nYou could send me an email.<br />\n",
    "PostedDate": "2014-05-26T06:30:02.713-07:00",
    "UserRole": null,
    "MarkedAsAnswerDate": null
  }
]