[
  {
    "Id": "911444",
    "ThreadId": "395267",
    "Html": "\r\n<p>Is it possible to combine the branch coverage numbers and provide the data like line coverage?&nbsp;</p>\r\n<p>&nbsp;</p>\r\n<p>Also is it possible to obtain functional coverage somehow? Are those values captured?&nbsp;</p>\r\n<p>&nbsp;</p>\r\n<p>&nbsp;</p>\r\n<p>- Nida</p>\r\n",
    "PostedDate": "2012-09-12T04:29:50.81-07:00",
    "UserRole": null,
    "MarkedAsAnswerDate": null
  },
  {
    "Id": "911447",
    "ThreadId": "395267",
    "Html": "<p>1) No that's not possible. The report generated by OpenCover does not contain enough details.</p>\r\n<p>2) No. Those values are not captured.</p>",
    "PostedDate": "2012-09-12T04:35:46.213-07:00",
    "UserRole": null,
    "MarkedAsAnswerDate": null
  },
  {
    "Id": "912302",
    "ThreadId": "395267",
    "Html": "<p>But the report does give branch&nbsp;coverage&nbsp;information right? Why cant that be collated?</p>",
    "PostedDate": "2012-09-13T10:36:17.86-07:00",
    "UserRole": null,
    "MarkedAsAnswerDate": null
  },
  {
    "Id": "912308",
    "ThreadId": "395267",
    "Html": "<p>If you take closer look at the report generated by OpenCover then you'll see the problem:</p>\r\n<p>The report contains does not contain enough information to map the branch coverage to the corresponding code.</p>",
    "PostedDate": "2012-09-13T10:53:03.107-07:00",
    "UserRole": null,
    "MarkedAsAnswerDate": null
  },
  {
    "Id": "1300967",
    "ThreadId": "395267",
    "Html": "I've recently added a <a href=\"https://github.com/OpenCover/opencover/pull/208\" rel=\"nofollow\">patch</a> to OpenCover to have an sl attribute for BranchPoints too. <br />\nI'll try to update ReportGenerator, as well, when I have some time.<br />\n",
    "PostedDate": "2014-09-06T06:29:27.86-07:00",
    "UserRole": null,
    "MarkedAsAnswerDate": null
  },
  {
    "Id": "1301394",
    "ThreadId": "395267",
    "Html": "Hi,\r<br />\n<br />\ngreat work. I will take a look at this myself. Let's see how I can visualize this in the report.<br />\n",
    "PostedDate": "2014-09-06T08:44:01.357-07:00",
    "UserRole": null,
    "MarkedAsAnswerDate": null
  },
  {
    "Id": "1303093",
    "ThreadId": "395267",
    "Html": "The latest beta release now contains support for branch coverage. The HTML report shows the branch information.<br />\n",
    "PostedDate": "2014-09-09T22:23:19.767-07:00",
    "UserRole": null,
    "MarkedAsAnswerDate": null
  },
  {
    "Id": "1306466",
    "ThreadId": "395267",
    "Html": "Hi,<br />\n<br />\nJust had the chance to try it. Looks nice, really good job in such a short time.<br />\nA suggestion though, I would add some coloring to the report, so that it's visible for the first glimpse that the branches are  covered or not.<br />\n<br />\nI've created an integration-like test for the HTML report for my own implementation.<br />\nI've uploaded as patch in case you could use it.<br />\n",
    "PostedDate": "2014-09-19T13:05:55.623-07:00",
    "UserRole": null,
    "MarkedAsAnswerDate": null
  }
]