[
  {
    "Id": "1331324",
    "ThreadId": "574768",
    "Html": "Is it possible to generate a report with methods with high Cyclomatic Complexity?\r<br />\n<br />\nIf not, could this feature be added?<br />\n",
    "PostedDate": "2014-12-12T05:40:38.47-08:00",
    "UserRole": null,
    "MarkedAsAnswerDate": null
  },
  {
    "Id": "1331345",
    "ThreadId": "574768",
    "Html": "Can you explain what you want to do?\r<br />\nWhere should Cyclomatic Complexity come from?\r<br />\n<br />\nShould ReportGenerator calculate this metric for each class?<br />\n",
    "PostedDate": "2014-12-12T06:34:48.377-08:00",
    "UserRole": null,
    "MarkedAsAnswerDate": null
  },
  {
    "Id": "1331408",
    "ThreadId": "574768",
    "Html": "Currently when the report is generated there are several metrics available, such as Cyclomatic Complexity, for a class when you click in to the class view.  I am wondering simply if there is a method to generate these metrics for all classes and place them in a html page.<br />\n",
    "PostedDate": "2014-12-12T09:12:33.443-08:00",
    "UserRole": null,
    "MarkedAsAnswerDate": null
  },
  {
    "Id": "1331483",
    "ThreadId": "574768",
    "Html": "Ok, now I understand.\r<br />\n<br />\nYes this is possible by writing a custom report.\r<br />\nIf you like I can provide you a sample plugin.\r<br />\n<br />\nIf you want to try it yourself start here:\r<br />\n<a href=\"https://reportgenerator.codeplex.com/wikipage?title=Custom%20reports\" rel=\"nofollow\">https://reportgenerator.codeplex.com/wikipage?title=Custom%20reports</a><br />\n",
    "PostedDate": "2014-12-12T13:53:16.467-08:00",
    "UserRole": null,
    "MarkedAsAnswerDate": null
  },
  {
    "Id": "1331964",
    "ThreadId": "574768",
    "Html": "I created a plugin for ReportGenerator that shows the Cyclomatic Complexity in the summary report for each class.<br />\n<a href=\"https://www.codeplex.com/Download?ProjectName=reportgenerator&amp;DownloadId=1439066\" rel=\"nofollow\">https://www.codeplex.com/Download?ProjectName=reportgenerator&DownloadId=1439066</a><br />\n<br />\nPlease drop the DLL &quot;bin/ReportGenerator.CyclomaticComplexityReport.dll&quot; into your ReportGenerator directory.<br />\n<br />\nThen use one of the following report types: CCHtml, CCHtmlSummary, CCTextSummary<br />\nE.g. ReportGenerator.exe -reporttypes:CCHTML -reports:MyOpenCoverReport.xml -tartgetdir:MyTargetDirectory<br />\n<br />\nThe archive also contains the source code of the plugin.<br />\n",
    "PostedDate": "2014-12-15T02:10:38.977-08:00",
    "UserRole": null,
    "MarkedAsAnswerDate": "2014-12-15T06:17:16.6-08:00"
  },
  {
    "Id": "1332009",
    "ThreadId": "574768",
    "Html": "Thanks Daniel, for the guideline and the sample code.\r<br />\n<br />\nI can certainly work with this.<br />\n",
    "PostedDate": "2014-12-15T05:42:44.833-08:00",
    "UserRole": null,
    "MarkedAsAnswerDate": null
  },
  {
    "Id": "1363964",
    "ThreadId": "574768",
    "Html": "Hi daniel,\r<br />\n<br />\nI tries using the report u ve posted below and i am unable to make it works :(\r<br />\ni always get:\r<br />\n&quot;Unknown report type 'CCHtmlSummary'.&quot;\r<br />\nUsing following commandLine\r<br />\nReportGenerator.exe -reporttype:CCHtml -reports:_CodeCoverageResult.xml -targetdir:CCReport\r<br />\n<br />\nI only dropped the dll into reportGenerator installation directory.\r<br />\nCould u tell me where i am wrong?\r<br />\n<br />\nThx<br />\n",
    "PostedDate": "2015-03-16T02:39:47.907-07:00",
    "UserRole": null,
    "MarkedAsAnswerDate": null
  },
  {
    "Id": "1363985",
    "ThreadId": "574768",
    "Html": "Probably just a typo, please try:<br />\nReportGenerator.exe -reporttypes:CCHtml -reports:_CodeCoverageResult.xml -targetdir:CCReport <br />\n",
    "PostedDate": "2015-03-16T02:42:45.807-07:00",
    "UserRole": null,
    "MarkedAsAnswerDate": null
  },
  {
    "Id": "1364027",
    "ThreadId": "574768",
    "Html": "same thing :(<br />\nReportGenerator.exe -reporttypes:CCHtml -reports:_CodeCoverageResult.xml -targetdir:CCReport <br />\n-&gt; Unknown report type 'CCHtml'.<br />\n",
    "PostedDate": "2015-03-16T02:47:32.503-07:00",
    "UserRole": null,
    "MarkedAsAnswerDate": null
  },
  {
    "Id": "1364056",
    "ThreadId": "574768",
    "Html": "Please use this updated version:\r<br />\n<a href=\"https://www.codeplex.com/Download?ProjectName=reportgenerator&amp;DownloadId=1439066\" rel=\"nofollow\">https://www.codeplex.com/Download?ProjectName=reportgenerator&DownloadId=1439066</a>\r<br />\n<br />\nThe old plugin was only compatible with ReportGenerator versions &lt;2.1<br />\n",
    "PostedDate": "2015-03-16T03:07:52.423-07:00",
    "UserRole": null,
    "MarkedAsAnswerDate": null
  },
  {
    "Id": "1364064",
    "ThreadId": "574768",
    "Html": "Unable to download :(<br />\n",
    "PostedDate": "2015-03-16T03:35:38.583-07:00",
    "UserRole": null,
    "MarkedAsAnswerDate": null
  },
  {
    "Id": "1364083",
    "ThreadId": "574768",
    "Html": "The download works fine for me. I tried several browsers successfully.<br />\n",
    "PostedDate": "2015-03-16T04:06:43.313-07:00",
    "UserRole": null,
    "MarkedAsAnswerDate": null
  },
  {
    "Id": "1364113",
    "ThreadId": "574768",
    "Html": "download works fine now  &amp; CC report aswell\r<br />\nThx dude :)<br />\n",
    "PostedDate": "2015-03-16T06:06:53.15-07:00",
    "UserRole": null,
    "MarkedAsAnswerDate": null
  }
]