[
  {
    "Id": "900686",
    "ThreadId": "392052",
    "Html": "\r\n<p>Hi all,</p>\r\n<p>I am using vs2010 for native C/C&#43;&#43; and, while it is possible to obtain coverage data, it lacks any kind of report, so it would be great to use this tool.</p>\r\n<p>It is possible, however, to export coverage data in XML.</p>\r\n<p>The question is : what are the steps needed to add another XML input format ?</p>\r\n<p>&nbsp;</p>\r\n<p>thanks and best regards</p>\r\n<p>Paolo Argenton</p>\r\n<p>&nbsp;</p>\r\n",
    "PostedDate": "2012-08-17T08:14:29.363-07:00",
    "UserRole": null,
    "MarkedAsAnswerDate": null
  },
  {
    "Id": "901336",
    "ThreadId": "392052",
    "Html": "<p>Hi Paolo,</p>\r\n<p>if I remember correctly, the XML report generated by VS210 does not contain the necessary information to use it within ReportGenerator.</p>\r\n<p>Could you please post a sample XML report, then I can have a quick look if the required information is available.</p>\r\n<p>Thanks</p>\r\n<p>Daniel</p>",
    "PostedDate": "2012-08-19T12:35:33.44-07:00",
    "UserRole": null,
    "MarkedAsAnswerDate": null
  },
  {
    "Id": "904480",
    "ThreadId": "392052",
    "Html": "<p>Hi Daniel,</p>\r\n<p>&nbsp;</p>\r\n<p>thanks for the answer,</p>\r\n<p>this is an extract of the xml generated (first lines)</p>\r\n<p>&nbsp;</p>\r\n<p>&lt;CoverageDSPriv&gt;<br />&lt;xs:schema id=\"CoverageDSPriv\" xmlns=\"\" xmlns:xs=\"http://www.w3.org/2001/XMLSchema\" xmlns:msdata=\"urn:schemas-microsoft-com:xml-msdata\" xmlns:msprop=\"urn:schemas-microsoft-com:xml-msprop\"&gt;<br />&lt;xs:element name=\"CoverageDSPriv\" msdata:IsDataSet=\"true\" msdata:UseCurrentLocale=\"true\" msdata:EnforceConstraints=\"False\" msprop:Version=\"8.00\"&gt;<br />&lt;xs:complexType&gt;<br />&lt;xs:choice minOccurs=\"0\" maxOccurs=\"unbounded\"&gt;<br />&lt;xs:element name=\"Module\"&gt;<br />&lt;xs:complexType&gt;<br />&lt;xs:sequence&gt;<br />&lt;xs:element name=\"ModuleName\" type=\"xs:string\" /&gt;<br />&lt;xs:element name=\"ImageSize\" type=\"xs:unsignedInt\" /&gt;<br />&lt;xs:element name=\"ImageLinkTime\" type=\"xs:unsignedInt\" /&gt;<br />&lt;xs:element name=\"LinesCovered\" type=\"xs:unsignedInt\" minOccurs=\"0\" /&gt;<br />&lt;xs:element name=\"LinesPartiallyCovered\" type=\"xs:unsignedInt\" minOccurs=\"0\" /&gt;<br />&lt;xs:element name=\"LinesNotCovered\" type=\"xs:unsignedInt\" minOccurs=\"0\" /&gt;<br />&lt;xs:element name=\"BlocksCovered\" type=\"xs:unsignedInt\" minOccurs=\"0\" /&gt;<br />&lt;xs:element name=\"BlocksNotCovered\" type=\"xs:unsignedInt\" minOccurs=\"0\" /&gt;<br />&lt;xs:element name=\"NamespaceTable\" minOccurs=\"0\" maxOccurs=\"unbounded\"&gt;<br />&lt;xs:complexType&gt;<br />&lt;xs:sequence&gt;<br />&lt;xs:element name=\"BlocksCovered\" type=\"xs:unsignedInt\" minOccurs=\"0\" /&gt;<br />&lt;xs:element name=\"BlocksNotCovered\" type=\"xs:unsignedInt\" minOccurs=\"0\" /&gt;<br />&lt;xs:element name=\"LinesCovered\" type=\"xs:unsignedInt\" minOccurs=\"0\" /&gt;<br />&lt;xs:element name=\"LinesNotCovered\" type=\"xs:unsignedInt\" minOccurs=\"0\" /&gt;<br />&lt;xs:element name=\"LinesPartiallyCovered\" type=\"xs:unsignedInt\" minOccurs=\"0\" /&gt;<br />&lt;xs:element name=\"ModuleName\" type=\"xs:string\" minOccurs=\"0\" /&gt;<br />&lt;xs:element name=\"NamespaceKeyName\" type=\"xs:string\" /&gt;<br />&lt;xs:element name=\"NamespaceName\" type=\"xs:string\" minOccurs=\"0\" /&gt;<br />&lt;xs:element name=\"Class\" minOccurs=\"0\" maxOccurs=\"unbounded\"&gt;<br />&lt;xs:complexType&gt;<br />&lt;xs:sequence&gt;<br />&lt;xs:element name=\"ClassKeyName\" type=\"xs:string\" /&gt;<br />&lt;xs:element name=\"ClassName\" type=\"xs:string\" /&gt;<br />&lt;xs:element name=\"LinesCovered\" type=\"xs:unsignedInt\" minOccurs=\"0\" /&gt;<br />&lt;xs:element name=\"LinesNotCovered\" type=\"xs:unsignedInt\" minOccurs=\"0\" /&gt;<br />&lt;xs:element name=\"LinesPartiallyCovered\" type=\"xs:unsignedInt\" minOccurs=\"0\" /&gt;<br />&lt;xs:element name=\"BlocksCovered\" type=\"xs:unsignedInt\" minOccurs=\"0\" /&gt;<br />&lt;xs:element name=\"BlocksNotCovered\" type=\"xs:unsignedInt\" minOccurs=\"0\" /&gt;<br />&lt;xs:element name=\"NamespaceKeyName\" type=\"xs:string\" minOccurs=\"0\" /&gt;<br />&lt;xs:element name=\"Method\" minOccurs=\"0\" maxOccurs=\"unbounded\"&gt;<br />&lt;xs:complexType&gt;<br />&lt;xs:sequence&gt;<br />&lt;xs:element name=\"MethodKeyName\" type=\"xs:string\" msdata:Ordinal=\"0\" /&gt;<br />&lt;xs:element name=\"MethodName\" type=\"xs:string\" msdata:Ordinal=\"1\" /&gt;<br />&lt;xs:element name=\"MethodFullName\" type=\"xs:string\" minOccurs=\"0\" msdata:Ordinal=\"2\" /&gt;<br />&lt;xs:element name=\"LinesCovered\" type=\"xs:unsignedInt\" minOccurs=\"0\" msdata:Ordinal=\"3\" /&gt;<br />&lt;xs:element name=\"LinesPartiallyCovered\" type=\"xs:unsignedInt\" minOccurs=\"0\" msdata:Ordinal=\"4\" /&gt;<br />&lt;xs:element name=\"LinesNotCovered\" type=\"xs:unsignedInt\" minOccurs=\"0\" msdata:Ordinal=\"5\" /&gt;<br />&lt;xs:element name=\"BlocksCovered\" type=\"xs:unsignedInt\" minOccurs=\"0\" msdata:Ordinal=\"6\" /&gt;<br />&lt;xs:element name=\"BlocksNotCovered\" type=\"xs:unsignedInt\" minOccurs=\"0\" msdata:Ordinal=\"7\" /&gt;<br />&lt;xs:element name=\"Lines\" msdata:CaseSensitive=\"False\" minOccurs=\"0\" maxOccurs=\"unbounded\"&gt;<br />&lt;xs:complexType&gt;<br />&lt;xs:sequence&gt;<br />&lt;xs:element name=\"LnStart\" type=\"xs:unsignedInt\" msdata:Ordinal=\"0\" /&gt;<br />&lt;xs:element name=\"ColStart\" type=\"xs:unsignedInt\" msdata:Ordinal=\"1\" /&gt;<br />&lt;xs:element name=\"LnEnd\" type=\"xs:unsignedInt\" msdata:Ordinal=\"2\" /&gt;<br />&lt;xs:element name=\"ColEnd\" type=\"xs:unsignedInt\" msdata:Ordinal=\"3\" /&gt;<br />&lt;xs:element name=\"Coverage\" type=\"xs:unsignedInt\" msdata:Ordinal=\"4\" /&gt;<br />&lt;xs:element name=\"SourceFileID\" type=\"xs:unsignedInt\" msdata:Ordinal=\"5\" /&gt;<br />&lt;xs:element name=\"LineID\" type=\"xs:unsignedInt\" msdata:Ordinal=\"7\" /&gt;<br />&lt;/xs:sequence&gt;<br />&lt;xs:attribute name=\"MethodKeyName\" type=\"xs:string\" use=\"prohibited\" /&gt;<br />&lt;/xs:complexType&gt;<br />&lt;/xs:element&gt;<br />&lt;/xs:sequence&gt;<br />&lt;xs:attribute name=\"ClassKeyName\" type=\"xs:string\" use=\"prohibited\" /&gt;<br />&lt;/xs:complexType&gt;<br />&lt;/xs:element&gt;<br />&lt;/xs:sequence&gt;<br />&lt;/xs:complexType&gt;<br />&lt;/xs:element&gt;<br />&lt;/xs:sequence&gt;<br />&lt;/xs:complexType&gt;<br />&lt;/xs:element&gt;<br />&lt;/xs:sequence&gt;<br />&lt;/xs:complexType&gt;<br />&lt;/xs:element&gt;<br />&lt;xs:element name=\"SourceFileNames\"&gt;<br />&lt;xs:complexType&gt;<br />&lt;xs:sequence&gt;<br />&lt;xs:element name=\"SourceFileID\" type=\"xs:unsignedInt\" /&gt;<br />&lt;xs:element name=\"SourceFileName\" type=\"xs:string\" /&gt;<br />&lt;/xs:sequence&gt;<br />&lt;/xs:complexType&gt;<br />&lt;/xs:element&gt;<br />&lt;/xs:choice&gt;<br />&lt;/xs:complexType&gt;<br />&lt;xs:unique name=\"LineID\" msdata:PrimaryKey=\"true\"&gt;<br />&lt;xs:selector xpath=\".//Lines\" /&gt;<br />&lt;xs:field xpath=\"LineID\" /&gt;<br />&lt;/xs:unique&gt;<br />&lt;xs:unique name=\"MethodKey\" msdata:PrimaryKey=\"true\"&gt;<br />&lt;xs:selector xpath=\".//Method\" /&gt;<br />&lt;xs:field xpath=\"MethodKeyName\" /&gt;<br />&lt;/xs:unique&gt;<br />&lt;xs:unique name=\"ClassKey\" msdata:PrimaryKey=\"true\"&gt;<br />&lt;xs:selector xpath=\".//Class\" /&gt;<br />&lt;xs:field xpath=\"ClassKeyName\" /&gt;<br />&lt;/xs:unique&gt;<br />&lt;xs:unique name=\"NamespaceKeyName\" msdata:PrimaryKey=\"true\"&gt;<br />&lt;xs:selector xpath=\".//NamespaceTable\" /&gt;<br />&lt;xs:field xpath=\"NamespaceKeyName\" /&gt;<br />&lt;/xs:unique&gt;<br />&lt;xs:unique name=\"ModuleKey\" msdata:PrimaryKey=\"true\"&gt;<br />&lt;xs:selector xpath=\".//Module\" /&gt;<br />&lt;xs:field xpath=\"ModuleName\" /&gt;<br />&lt;/xs:unique&gt;<br />&lt;xs:unique name=\"SourceFileIDKey\" msdata:PrimaryKey=\"true\"&gt;<br />&lt;xs:selector xpath=\".//SourceFileNames\" /&gt;<br />&lt;xs:field xpath=\"SourceFileID\" /&gt;<br />&lt;/xs:unique&gt;<br />&lt;xs:keyref name=\"Module_Namespace\" refer=\"ModuleKey\" msdata:IsNested=\"true\"&gt;<br />&lt;xs:selector xpath=\".//NamespaceTable\" /&gt;<br />&lt;xs:field xpath=\"ModuleName\" /&gt;<br />&lt;/xs:keyref&gt;<br />&lt;xs:keyref name=\"Namespace_Class\" refer=\"NamespaceKeyName\" msdata:IsNested=\"true\"&gt;<br />&lt;xs:selector xpath=\".//Class\" /&gt;<br />&lt;xs:field xpath=\"NamespaceKeyName\" /&gt;<br />&lt;/xs:keyref&gt;<br />&lt;xs:keyref name=\"Class_Method\" refer=\"ClassKey\" msdata:IsNested=\"true\"&gt;<br />&lt;xs:selector xpath=\".//Method\" /&gt;<br />&lt;xs:field xpath=\"@ClassKeyName\" /&gt;<br />&lt;/xs:keyref&gt;<br />&lt;xs:keyref name=\"SourceFileNames_Lines\" refer=\"SourceFileIDKey\" msdata:ConstraintOnly=\"true\"&gt;<br />&lt;xs:selector xpath=\".//Lines\" /&gt;<br />&lt;xs:field xpath=\"SourceFileID\" /&gt;<br />&lt;/xs:keyref&gt;<br />&lt;xs:keyref name=\"Method_Lines\" refer=\"MethodKey\" msdata:IsNested=\"true\"&gt;<br />&lt;xs:selector xpath=\".//Lines\" /&gt;<br />&lt;xs:field xpath=\"@MethodKeyName\" /&gt;<br />&lt;/xs:keyref&gt;<br />&lt;/xs:element&gt;<br />&lt;/xs:schema&gt;<br />&lt;Module&gt;<br />&lt;ModuleName&gt;cfsm_tcpip.dll&lt;/ModuleName&gt;<br />&lt;ImageSize&gt;1654784&lt;/ImageSize&gt;<br />&lt;ImageLinkTime&gt;0&lt;/ImageLinkTime&gt;<br />&lt;LinesCovered&gt;1631&lt;/LinesCovered&gt;<br />&lt;LinesPartiallyCovered&gt;28&lt;/LinesPartiallyCovered&gt;<br />&lt;LinesNotCovered&gt;1810&lt;/LinesNotCovered&gt;<br />&lt;BlocksCovered&gt;1353&lt;/BlocksCovered&gt;<br />&lt;BlocksNotCovered&gt;1676&lt;/BlocksNotCovered&gt;<br />&lt;NamespaceTable&gt;<br />&lt;BlocksCovered&gt;1353&lt;/BlocksCovered&gt;<br />&lt;BlocksNotCovered&gt;1676&lt;/BlocksNotCovered&gt;<br />&lt;LinesCovered&gt;1631&lt;/LinesCovered&gt;<br />&lt;LinesNotCovered&gt;1810&lt;/LinesNotCovered&gt;<br />&lt;LinesPartiallyCovered&gt;28&lt;/LinesPartiallyCovered&gt;<br />&lt;ModuleName&gt;cfsm_tcpip.dll&lt;/ModuleName&gt;<br />&lt;NamespaceKeyName&gt;cfsm_tcpip.dll&lt;/NamespaceKeyName&gt;<br />&lt;NamespaceName /&gt;<br />&lt;Class&gt;<br />&lt;ClassKeyName&gt;cfsm_tcpip.dll&lt;/ClassKeyName&gt;<br />&lt;ClassName /&gt;<br />&lt;LinesCovered&gt;1631&lt;/LinesCovered&gt;<br />&lt;LinesNotCovered&gt;1810&lt;/LinesNotCovered&gt;<br />&lt;LinesPartiallyCovered&gt;28&lt;/LinesPartiallyCovered&gt;<br />&lt;BlocksCovered&gt;1353&lt;/BlocksCovered&gt;<br />&lt;BlocksNotCovered&gt;1676&lt;/BlocksNotCovered&gt;<br />&lt;NamespaceKeyName&gt;cfsm_tcpip.dll&lt;/NamespaceKeyName&gt;<br />&lt;Method&gt;<br />&lt;MethodKeyName&gt;cfsm_tcpip.dll!1&lt;/MethodKeyName&gt;<br />&lt;MethodName&gt;iTIMERS_pause_all_timers&lt;/MethodName&gt;<br />&lt;MethodFullName&gt;_iTIMERS_pause_all_timers&lt;/MethodFullName&gt;<br />&lt;LinesCovered&gt;11&lt;/LinesCovered&gt;<br />&lt;LinesPartiallyCovered&gt;0&lt;/LinesPartiallyCovered&gt;<br />&lt;LinesNotCovered&gt;0&lt;/LinesNotCovered&gt;<br />&lt;BlocksCovered&gt;10&lt;/BlocksCovered&gt;<br />&lt;BlocksNotCovered&gt;0&lt;/BlocksNotCovered&gt;<br />&lt;Lines&gt;<br />&lt;LnStart&gt;267&lt;/LnStart&gt;<br />&lt;ColStart&gt;0&lt;/ColStart&gt;<br />&lt;LnEnd&gt;267&lt;/LnEnd&gt;<br />&lt;ColEnd&gt;0&lt;/ColEnd&gt;<br />&lt;Coverage&gt;0&lt;/Coverage&gt;<br />&lt;SourceFileID&gt;1&lt;/SourceFileID&gt;<br />&lt;LineID&gt;0&lt;/LineID&gt;<br />&lt;/Lines&gt;<br />&lt;Lines&gt;<br />&lt;LnStart&gt;268&lt;/LnStart&gt;<br />&lt;ColStart&gt;0&lt;/ColStart&gt;<br />&lt;LnEnd&gt;268&lt;/LnEnd&gt;<br />&lt;ColEnd&gt;0&lt;/ColEnd&gt;<br />&lt;Coverage&gt;0&lt;/Coverage&gt;<br />&lt;SourceFileID&gt;1&lt;/SourceFileID&gt;<br />&lt;LineID&gt;1&lt;/LineID&gt;<br />&lt;/Lines&gt;</p>",
    "PostedDate": "2012-08-27T02:23:42.137-07:00",
    "UserRole": null,
    "MarkedAsAnswerDate": null
  },
  {
    "Id": "905055",
    "ThreadId": "392052",
    "Html": "<p>Hi Paolo,</p>\r\n<p>I took a quick look at the report and I think it should be possible to support this format in ReportGenerator.</p>\r\n<p>I hope I will find some time within the next 2 weeks.</p>\r\n<p>Best regards</p>\r\n<p>Daniel</p>",
    "PostedDate": "2012-08-28T04:55:44.273-07:00",
    "UserRole": null,
    "MarkedAsAnswerDate": null
  },
  {
    "Id": "905115",
    "ThreadId": "392052",
    "Html": "<p>Hi Daniel,</p>\r\n<p>that would be great, if you need a complete XML file let me know, I was not able to attach the file to the discussion.</p>\r\n<p>&nbsp;</p>\r\n<p>p.s. I actually found a xslt&nbsp; to convert this xml to a summary HTML report, but what is really interesting is the capability to visualize the source code lines, since, for some reasons, in native c/c++ vs2010 line coloring is disabled and so browsing coverage data in the ide is confusing.</p>\r\n<p>Below is the css file I'm using (it is not mine, I found it in some visual studio blog but I do not remember where)</p>\r\n<p>Regards</p>\r\n<p>Paolo Argenton</p>\r\n<p>&nbsp;</p>\r\n<p>&lt;?xml version=\"1.0\" encoding=\"utf-8\"?&gt;<br />&lt;xsl:stylesheet version=\"1.0\"<br />&nbsp;&nbsp;&nbsp; xmlns:xsl=\"http://www.w3.org/1999/XSL/Transform\"&gt;<br />&nbsp; &lt;xsl:param name=\"low_coverage\" select=\"60\"/&gt;<br />&nbsp; &lt;xsl:param name=\"ok_coverage\" select=\"30\"/&gt;<br />&lt;xsl:template match=\"/\"&gt;<br />&nbsp;&nbsp;&nbsp; &lt;html&gt;<br />&nbsp;&nbsp;&nbsp; &lt;body&gt;<br />&nbsp;&nbsp;&nbsp;&nbsp;&nbsp; &lt;h1&gt;Detail coverage report&lt;/h1&gt;<br />&nbsp;&nbsp;&nbsp;&nbsp;&nbsp; &lt;h2&gt; Assembly coverage&lt;/h2&gt;<br />&nbsp;&nbsp;&nbsp;&nbsp;&nbsp; &lt;table style=\"width:640;border:2px solid black;\"&gt;<br />&nbsp;&nbsp;&nbsp;&nbsp;&nbsp;&nbsp;&nbsp;&nbsp;&nbsp; &lt;tr&gt;<br />&nbsp;&nbsp;&nbsp;&nbsp;&nbsp;&nbsp;&nbsp;&nbsp;&nbsp;&nbsp;&nbsp; &lt;td style=\"font-weight:bold\"&gt;Assembly&lt;/td&gt;<br />&nbsp;&nbsp;&nbsp;&nbsp;&nbsp;&nbsp;&nbsp;&nbsp;&nbsp;&nbsp;&nbsp; &lt;td style=\"text-align:right;font-weight:bold\"&gt;Blocks not covered&lt;/td&gt;<br />&nbsp;&nbsp;&nbsp;&nbsp;&nbsp;&nbsp;&nbsp;&nbsp;&nbsp;&nbsp;&nbsp; &lt;td style=\"text-align:right;font-weight:bold\"&gt;% blocks not covered&lt;/td&gt;<br />&nbsp;&nbsp;&nbsp;&nbsp;&nbsp;&nbsp;&nbsp;&nbsp;&nbsp; &lt;/tr&gt;<br />&nbsp;&nbsp;&nbsp;&nbsp;&nbsp;&nbsp;&nbsp; &lt;xsl:for-each select=\"//Method\"&gt;<br />&nbsp;&nbsp;&nbsp;&nbsp;&nbsp;&nbsp;&nbsp;&nbsp;&nbsp; &lt;tr&gt;<br />&nbsp;&nbsp;&nbsp;&nbsp;&nbsp;&nbsp;&nbsp;&nbsp;&nbsp;&nbsp;&nbsp; &lt;td&gt;<br />&nbsp;&nbsp;&nbsp;&nbsp;&nbsp;&nbsp;&nbsp;&nbsp;&nbsp;&nbsp;&nbsp;&nbsp;&nbsp; &lt;xsl:value-of select=\"MethodName\"/&gt;<br />&nbsp;&nbsp;&nbsp;&nbsp;&nbsp;&nbsp;&nbsp;&nbsp;&nbsp;&nbsp;&nbsp; &lt;/td&gt;<br />&nbsp;&nbsp;&nbsp;&nbsp;&nbsp;&nbsp;&nbsp;&nbsp;&nbsp;&nbsp;&nbsp; &lt;td style=\"text-align:right\"&gt;<br />&nbsp;&nbsp;&nbsp;&nbsp;&nbsp;&nbsp;&nbsp;&nbsp;&nbsp;&nbsp;&nbsp;&nbsp;&nbsp; &lt;xsl:value-of select=\"BlocksNotCovered\"/&gt;<br />&nbsp;&nbsp;&nbsp;&nbsp;&nbsp;&nbsp;&nbsp;&nbsp;&nbsp;&nbsp;&nbsp; &lt;/td&gt;<br />&nbsp;&nbsp;&nbsp;&nbsp;&nbsp;&nbsp;&nbsp;&nbsp;&nbsp;&nbsp;&nbsp; &lt;td&gt;<br />&nbsp;&nbsp;&nbsp;&nbsp;&nbsp;&nbsp;&nbsp;&nbsp;&nbsp;&nbsp;&nbsp;&nbsp;&nbsp; &lt;xsl:variable name=\"pct\" select=\"(BlocksNotCovered div (BlocksNotCovered + BlocksCovered))*100\"/&gt;<br />&nbsp;&nbsp;&nbsp;&nbsp;&nbsp;&nbsp;&nbsp;&nbsp;&nbsp;&nbsp;&nbsp;&nbsp;&nbsp; &lt;xsl:attribute name=\"style\"&gt;<br />&nbsp;&nbsp;&nbsp;&nbsp;&nbsp;&nbsp;&nbsp;&nbsp;&nbsp;&nbsp;&nbsp;&nbsp;&nbsp;&nbsp;&nbsp; text-align:right;<br />&nbsp;&nbsp;&nbsp;&nbsp;&nbsp;&nbsp;&nbsp;&nbsp;&nbsp;&nbsp;&nbsp;&nbsp;&nbsp;&nbsp;&nbsp; &lt;xsl:choose&gt;<br />&nbsp;&nbsp;&nbsp;&nbsp;&nbsp;&nbsp;&nbsp;&nbsp;&nbsp;&nbsp;&nbsp;&nbsp;&nbsp;&nbsp;&nbsp;&nbsp;&nbsp; &lt;xsl:when test=\"number($pct &amp;gt;= $low_coverage)\"&gt;background-color:red;&lt;/xsl:when&gt;<br />&nbsp;&nbsp;&nbsp;&nbsp;&nbsp;&nbsp;&nbsp;&nbsp;&nbsp;&nbsp;&nbsp;&nbsp;&nbsp;&nbsp;&nbsp;&nbsp;&nbsp; &lt;xsl:when test=\"number($pct &amp;gt;= $ok_coverage)\"&gt;background-color:yellow;&lt;/xsl:when&gt;<br />&nbsp;&nbsp;&nbsp;&nbsp;&nbsp;&nbsp;&nbsp;&nbsp;&nbsp;&nbsp;&nbsp;&nbsp;&nbsp;&nbsp;&nbsp;&nbsp;&nbsp; &lt;xsl:otherwise&gt;background-color:green;&lt;/xsl:otherwise&gt;<br />&nbsp;&nbsp;&nbsp;&nbsp;&nbsp;&nbsp;&nbsp;&nbsp;&nbsp;&nbsp;&nbsp;&nbsp;&nbsp;&nbsp;&nbsp; &lt;/xsl:choose&gt;<br />&nbsp;&nbsp;&nbsp;&nbsp;&nbsp;&nbsp;&nbsp;&nbsp;&nbsp;&nbsp;&nbsp;&nbsp;&nbsp; &lt;/xsl:attribute&gt;<br />&nbsp;&nbsp;&nbsp;&nbsp;&nbsp;&nbsp;&nbsp;&nbsp;&nbsp;&nbsp;&nbsp;&nbsp;&nbsp; &lt;xsl:value-of select=\"$pct\"/&gt;<br />&nbsp;&nbsp;&nbsp;&nbsp;&nbsp;&nbsp;&nbsp;&nbsp;&nbsp;&nbsp;&nbsp; &lt;/td&gt;<br />&nbsp;&nbsp;&nbsp;&nbsp;&nbsp;&nbsp;&nbsp;&nbsp;&nbsp; &lt;/tr&gt;<br />&nbsp;&nbsp;&nbsp;&nbsp;&nbsp;&nbsp;&nbsp; &lt;/xsl:for-each&gt;<br />&nbsp;&nbsp;&nbsp;&nbsp;&nbsp;&nbsp;&nbsp; &lt;/table&gt;<br />&nbsp;&nbsp;&nbsp; &lt;/body&gt;<br />&nbsp;&nbsp;&nbsp; &lt;/html&gt;<br />&lt;/xsl:template&gt;<br />&lt;/xsl:stylesheet&gt;</p>",
    "PostedDate": "2012-08-28T07:01:27.517-07:00",
    "UserRole": null,
    "MarkedAsAnswerDate": null
  },
  {
    "Id": "906506",
    "ThreadId": "392052",
    "Html": "<p>Hi Paolo,</p>\r\n<p>I just added support for Visual Studio reports!</p>\r\n<p>Could you please test this (beta) release:&nbsp;http://dl.dropbox.com/u/21096596/ReportGenerator_1.6.0.0_Beta.zip</p>\r\n<p>Let me know if any errors occur during report generation and if the report looks as expected.</p>\r\n<p>Thanks for your help.</p>\r\n<p>Daniel</p>",
    "PostedDate": "2012-08-30T12:15:26.59-07:00",
    "UserRole": null,
    "MarkedAsAnswerDate": null
  },
  {
    "Id": "906677",
    "ThreadId": "392052",
    "Html": "<p>wow Daniel thanks a lot !</p>\r\n<p>&nbsp;</p>\r\n<p>Sure, I will test the beta and keep you informed</p>\r\n<p>&nbsp;</p>\r\n<p>thanks again</p>",
    "PostedDate": "2012-08-30T23:23:57.89-07:00",
    "UserRole": null,
    "MarkedAsAnswerDate": null
  },
  {
    "Id": "906678",
    "ThreadId": "392052",
    "Html": "<p>Hi Daniel,</p>\r\n<p>sorry but I can't test it immediately as I hoped, I must download the beta from home, next week I will let you know how it behaves with actual coverage data from a C project</p>\r\n<p>&nbsp;</p>\r\n<p>thanks again</p>",
    "PostedDate": "2012-08-30T23:27:22.637-07:00",
    "UserRole": null,
    "MarkedAsAnswerDate": null
  },
  {
    "Id": "907626",
    "ThreadId": "392052",
    "Html": "<p>Hi Daniel,</p>\r\n<p>very good news, I just tested it and it just worked ok.</p>\r\n<p>I will keep you informed, in the meantime thanks again for this work, it really fills a need, since there is nothing available in standard visual studio 2010 for native c/c++.</p>\r\n<p>Regards</p>\r\n<p>Paolo</p>\r\n<p>&nbsp;</p>",
    "PostedDate": "2012-09-03T00:24:43.52-07:00",
    "UserRole": null,
    "MarkedAsAnswerDate": null
  }
]