[
  {
    "Id": "854594",
    "ThreadId": "361181",
    "Html": "\r\n<p>Is it possible to exclude a file pattern?&nbsp;</p>\r\n<p>I'd really like to exclude all my *.g.cs files.</p>\r\n<p>&nbsp;</p>\r\n",
    "PostedDate": "2012-06-27T13:27:59.157-07:00",
    "UserRole": null,
    "MarkedAsAnswerDate": null
  },
  {
    "Id": "854600",
    "ThreadId": "361181",
    "Html": "<p>It is only possible to exclude/include assemblies at the moment.</p>\r\n<p>But if you use OpenCover, you could apply a filter on types:</p>\r\n<p><a href=\"https://github.com/sawilde/opencover/wiki/Usage\">https://github.com/sawilde/opencover/wiki/Usage</a></p>",
    "PostedDate": "2012-06-27T13:45:09.327-07:00",
    "UserRole": null,
    "MarkedAsAnswerDate": null
  }
]