[
  {
    "Id": "1337947",
    "ThreadId": "576513",
    "Html": "I ran into this before as well but with the recent update it happened again and reminded me about the issue.\r<br />\nIf I use the Zip file download and then run reportgenerator I get the following error:\r<br />\nerror MSB4018: System.IO.FileLoadException: Could not load file or assembly 'file:///D:\\BuildTools\\ReportGenerator\\bin\\ICSharpCode.NRefactory.CSharp.dll' or one of its dependencies. \r<br />\n<br />\nHowever if I install using Nuget and then copy the files to my installed location it works fine. \r<br />\n<br />\nAnyway, I haven't spent any time trying to figure it out and just figured I'd pass it on. <br />\n",
    "PostedDate": "2014-12-30T10:02:16.377-08:00",
    "UserRole": null,
    "MarkedAsAnswerDate": null
  },
  {
    "Id": "1337971",
    "ThreadId": "576513",
    "Html": "Very strange.<br />\nThe file seems to be present in the ZIP file.<br />\nIt work without problems on my machine.<br />\n<br />\nCould you try to replace the file with the one from the Nuget package? Does it work now?<br />\n<br />\nAnother possible issue might be, that you did not unblock the ZIP file before extracting it.<br />\n",
    "PostedDate": "2014-12-30T11:42:17.83-08:00",
    "UserRole": null,
    "MarkedAsAnswerDate": "2014-12-30T13:16:35.1-08:00"
  },
  {
    "Id": "1338002",
    "ThreadId": "576513",
    "Html": "Yep that was the issue. Thanks.<br />\n",
    "PostedDate": "2014-12-30T13:16:12.043-08:00",
    "UserRole": null,
    "MarkedAsAnswerDate": null
  },
  {
    "Id": "1339329",
    "ThreadId": "576513",
    "Html": "I have documented this issue in the FAQ:\r<br />\n<a href=\"https://reportgenerator.codeplex.com/wikipage?title=FAQ#FileLoadException\" rel=\"nofollow\">https://reportgenerator.codeplex.com/wikipage?title=FAQ#FileLoadException</a>\r<br />\n<br />\nReportGenerator 2.0.4 will unlock the files automatically.<br />\n",
    "PostedDate": "2015-01-06T02:16:54.7-08:00",
    "UserRole": null,
    "MarkedAsAnswerDate": null
  }
]