[
  {
    "Id": "928779",
    "ThreadId": "399919",
    "Html": "\r\n<p>I'm attempting to run OpenCover and ReportGenerator on my build server.&nbsp; CruiseControl.NET is running as a service, and the service does not have access to the mapped drive.</p>\r\n<p>Is there any way to get UNC paths to work?&nbsp; I'm using 1.6.1, and I've tried&nbsp;all of these:</p>\r\n<pre>-reports:\\\\server\\share\\path\\coverage.xml\r\n&quot;-reports:\\\\server\\share\\path\\coverage.xml&quot;\r\n-reports:&quot;\\\\server\\share\\path\\coverage.xml&quot;</pre>\r\n<p>None of them seem to work.</p>\r\n<p>If I map a drive to <a href=\"file://\\\\server\\share\">\\\\server\\share</a>, it works just fine.</p>\r\n<p>Am I doing something wrong, or are UNC paths not supported.&nbsp; If it's supposed to work, what do I have to do to make it work.&nbsp; If it's not supported, what do I have to do to get it supported. :)</p>\r\n<p>To be clear, the error I get is &quot;No report files specified.&quot;, even though I can &quot;dir&quot; the exact path and file spec and see the coverage file.&nbsp; It was generated by OpenCover, and when using a mapped drive and run against the same coverage file, I get\r\n the nice coverage report that I'm expecting.</p>\r\n",
    "PostedDate": "2012-10-18T07:57:27.21-07:00",
    "UserRole": null,
    "MarkedAsAnswerDate": null
  },
  {
    "Id": "928788",
    "ThreadId": "399919",
    "Html": "<p>Thanks for your input.</p>\r\n<p>I will have a look at the problem and see what I can do.</p>",
    "PostedDate": "2012-10-18T08:06:14.343-07:00",
    "UserRole": null,
    "MarkedAsAnswerDate": null
  },
  {
    "Id": "928791",
    "ThreadId": "399919",
    "Html": "<p>Thanks.&nbsp; FWIW, the -targetdir: parameter appears to work with UNC paths.&nbsp; If I specify the -reports parameter with a mapped drive, and the -targetdir to a UNC pointing to the same place, I get all of my output files.&nbsp; Sorry I didn't mention that sooner.</p>",
    "PostedDate": "2012-10-18T08:13:13.467-07:00",
    "UserRole": null,
    "MarkedAsAnswerDate": null
  },
  {
    "Id": "928878",
    "ThreadId": "399919",
    "Html": "<p>Some further information, if it's helpful.&nbsp; I'm running this on Windows 7 Enterprise 64 bit, and Windows Server 2008 R2 Enterprise 64 bit.&nbsp; They're both failing and succeeding in the same way.</p>",
    "PostedDate": "2012-10-18T10:04:09.303-07:00",
    "UserRole": null,
    "MarkedAsAnswerDate": null
  },
  {
    "Id": "928982",
    "ThreadId": "399919",
    "Html": "<p>Fixed in changeset 70139.</p>",
    "PostedDate": "2012-10-18T12:53:11.643-07:00",
    "UserRole": null,
    "MarkedAsAnswerDate": null
  },
  {
    "Id": "929335",
    "ThreadId": "399919",
    "Html": "\r\n<p>Thank you very much.&nbsp; Works beautifully!</p>\r\n<p>&nbsp;</p>\r\n<p>Oh, and also thank you for providing a complete buildable changeset. :)</p>\r\n",
    "PostedDate": "2012-10-19T04:58:42.503-07:00",
    "UserRole": null,
    "MarkedAsAnswerDate": null
  }
]