[
  {
    "Id": "733060",
    "ThreadId": "287983",
    "Html": "\r\n<p>Since OpenCover supports Branch Coverage (you can find this in the xml report: &lt;BranchPoints&gt;), would it be possible to extend the ReportGenerator to do as well?</p>\r\n",
    "PostedDate": "2012-01-31T00:55:39.387-08:00",
    "UserRole": null,
    "MarkedAsAnswerDate": null
  },
  {
    "Id": "733320",
    "ThreadId": "287983",
    "Html": "<p>Of course it is possible to extend ReportGenerator. But does it make sense?</p>\r\n<p>Is this piece of XML really useful?</p>\r\n<p>\r\n<div style=\"color: black; background-color: white;\">\r\n<pre><span style=\"color: blue;\">&lt;</span><span style=\"color: #a31515;\">BranchPoints</span><span style=\"color: blue;\">&gt;</span>\r\n  <span style=\"color: blue;\">&lt;</span><span style=\"color: #a31515;\">BranchPoint</span> <span style=\"color: red;\">vc</span><span style=\"color: blue;\">=</span><span style=\"color: black;\">\"</span><span style=\"color: blue;\">1</span><span style=\"color: black;\">\"</span> <span style=\"color: red;\">uspid</span><span style=\"color: blue;\">=</span><span style=\"color: black;\">\"</span><span style=\"color: blue;\">27</span><span style=\"color: black;\">\"</span> <span style=\"color: red;\">ordinal</span><span style=\"color: blue;\">=</span><span style=\"color: black;\">\"</span><span style=\"color: blue;\">0</span><span style=\"color: black;\">\"</span> <span style=\"color: red;\">offset</span><span style=\"color: blue;\">=</span><span style=\"color: black;\">\"</span><span style=\"color: blue;\">10</span><span style=\"color: black;\">\"</span> <span style=\"color: red;\">path</span><span style=\"color: blue;\">=</span><span style=\"color: black;\">\"</span><span style=\"color: blue;\">0</span><span style=\"color: black;\">\"</span> <span style=\"color: blue;\">/&gt;</span>\r\n  <span style=\"color: blue;\">&lt;</span><span style=\"color: #a31515;\">BranchPoint</span> <span style=\"color: red;\">vc</span><span style=\"color: blue;\">=</span><span style=\"color: black;\">\"</span><span style=\"color: blue;\">0</span><span style=\"color: black;\">\"</span> <span style=\"color: red;\">uspid</span><span style=\"color: blue;\">=</span><span style=\"color: black;\">\"</span><span style=\"color: blue;\">28</span><span style=\"color: black;\">\"</span> <span style=\"color: red;\">ordinal</span><span style=\"color: blue;\">=</span><span style=\"color: black;\">\"</span><span style=\"color: blue;\">1</span><span style=\"color: black;\">\"</span> <span style=\"color: red;\">offset</span><span style=\"color: blue;\">=</span><span style=\"color: black;\">\"</span><span style=\"color: blue;\">10</span><span style=\"color: black;\">\"</span> <span style=\"color: red;\">path</span><span style=\"color: blue;\">=</span><span style=\"color: black;\">\"</span><span style=\"color: blue;\">1</span><span style=\"color: black;\">\"</span> <span style=\"color: blue;\">/&gt;</span>\r\n<span style=\"color: blue;\">&lt;/</span><span style=\"color: #a31515;\">BranchPoints</span><span style=\"color: blue;\">&gt;</span>\r\n</pre>\r\n</div>\r\n</p>\r\n<p>What should the reports display?</p>\r\n<p>I think this is only useful for OpenCover, since it calculates the branch coverage based on this information. I probably can't map this information to the source code.</p>",
    "PostedDate": "2012-01-31T09:22:22.653-08:00",
    "UserRole": null,
    "MarkedAsAnswerDate": null
  }
]