[
  {
    "Id": "1245340",
    "ThreadId": "545331",
    "Html": "Hi\r<br />\nI was wonder what format is generated when outputting as XML.\r<br />\nie\r<br />\nReportGenerator.exe -report:all.xml -targetdir:C:\\report1 -reporttypes:xml\r<br />\n<br />\nWhen I run this it caused exception. ( I can send this file )\r<br />\n<br />\nIf I generate as html, then it works correctly.\r<br />\n<br />\nI intend to use this with Jenkins, and when I use the Jenkins html plugin, it copies all the files to the Master repository. This take about 5 minutes. I thought maybe it may be faster using some other Jenkins plugin, such as Cobertura, and this requires xml files.\r<br />\n<br />\nps I created the all.xml using the team tools. Code/Tests written in unmanaged C++, gtest, VS2013 Premium. e.g<br />\n<pre><code>&quot;C:\\Program Files (x86)\\Microsoft Visual Studio 12.0\\Team Tools\\Dynamic Code Coverage Tools\\amd64\\CodeCoverage.exe&quot; collect /output:allTest.coverage allTest.exe\n&quot;C:\\Program Files (x86)\\Microsoft Visual Studio 12.0\\Team Tools\\Dynamic Code Coverage Tools\\amd64\\CodeCoverage.exe&quot; collect /output:QueueTest.coverage QueueTest.exe \n&quot;C:\\Program Files (x86)\\Microsoft Visual Studio 12.0\\Team Tools\\Dynamic Code Coverage Tools\\amd64\\CodeCoverage.exe&quot; collect /output:rqueueTest.coverage rqueueTest.exe \n&quot;C:\\Program Files (x86)\\Microsoft Visual Studio 12.0\\Team Tools\\Dynamic Code Coverage Tools\\amd64\\CodeCoverage.exe&quot; analyze /output:all.xml allTest.coverage QueueTest.coverage rqueueTest.coverage\n\nrem single xml file \nc:\\ReportGenerator_1.9.1.0\\bin\\ReportGenerator.exe -reports:all.xml -targetdir:report</code></pre>\n\n",
    "PostedDate": "2014-05-14T08:15:17.98-07:00",
    "UserRole": null,
    "MarkedAsAnswerDate": null
  },
  {
    "Id": "1245491",
    "ThreadId": "545331",
    "Html": "Hi,\r<br />\n<br />\nthanks for your message.\r<br />\n<br />\nCould you please upload the xml report? E.g. on Dropbox or Google Drive. Or you could open an issue and attach the file there (<a href=\"https://reportgenerator.codeplex.com/WorkItem/Create\" rel=\"nofollow\">https://reportgenerator.codeplex.com/WorkItem/Create</a>).\r<br />\n<br />\nWhich version of ReportGenerator are you using?\r<br />\n<br />\nThanks for your help. I hope we can resolve this issue soon.<br />\n",
    "PostedDate": "2014-05-14T13:25:12.417-07:00",
    "UserRole": null,
    "MarkedAsAnswerDate": null
  },
  {
    "Id": "1245657",
    "ThreadId": "545331",
    "Html": "Hi,\r<br />\n<br />\nIt was my mistake. This does work. I had just run out of disk space on my VM.\r<br />\nI increased it by another 10G, and all was well.\r<br />\nSo sorry about the wasted time.\r<br />\n<br />\nFurther note.\r<br />\nI would still like to understand the format of the XML files. ( as in the previous post, with more details )\r<br />\nThe HTML generating produces 7.5G of files, and the XML produced 3G of files.\r<br />\nI was using Jenkins HTML plugin which internally copies the the HTML file over to the Jenkins Master machine.\r<br />\nThis then caused the Master to die, as lack of space ( which has now been increased ).\r<br />\nCan the XML files be viewed by Jenkins ? <br />\n",
    "PostedDate": "2014-05-15T02:42:58.313-07:00",
    "UserRole": null,
    "MarkedAsAnswerDate": null
  },
  {
    "Id": "1245672",
    "ThreadId": "545331",
    "Html": "Hi,\r<br />\n<br />\ngreat to hear that this was not the fault of ReportGenerator.\r<br />\n<br />\nTo understand the XML format just have a look at one of the generated files.\r<br />\nIt's a custom XML format containing basically the same information as the HTML report, but it's not intended to be read by humans.\r<br />\nYou may want to use for further processing or to extract some information out of it.\r<br />\n<br />\nYour code base seems to be <strong>extremly</strong> big, otherwise the reports would not take 7.5G.\r<br />\nI never worked with Jenkins, but even if Jenkins can display the XML reports, they won't be very helpful.\r<br />\nThe HTML report is much better for this purpose. You could also try the HTMLSummary report which will only generate the overview page.<br />\n",
    "PostedDate": "2014-05-15T03:22:40.643-07:00",
    "UserRole": null,
    "MarkedAsAnswerDate": null
  }
]