[
  {
    "Id": "1260312",
    "ThreadId": "549821",
    "Html": "Hello,<br />\n<br />\nI downloaded the beta 5 because I want to use the new custom report feature. That's great :)<br />\nI would like to create an Html report that includes only the assembly coverage.<br />\nInstead of writing my own report class, I would like to reuse HtmlRenderer, but I cannot do it without modifying ReportGenerator's code a bit, because some classes are not public.<br />\nIn fact, I had to do the following changes to the source code to be able to write my custom report :<br />\n<ul>\n<li>Make SummaryResult constructor public</li>\n<li>Make RenderBase public</li>\n<li>\nHtmlRenderer :<br />\n<ul>\n<li>make it public</li>\n<li>make constructor public</li>\n<li>make reportTextWriter protected</li>\n<li>\nmake public methods virtual<br />\n</li>\n</ul>\n</li>\n</ul>\nDo you think these changes can be included in next release ?<br />\n<br />\nThanks !<br />\n",
    "PostedDate": "2014-06-27T01:49:39.15-07:00",
    "UserRole": null,
    "MarkedAsAnswerDate": null
  },
  {
    "Id": "1260342",
    "ThreadId": "549821",
    "Html": "Hi pbruneton,\r<br />\n<br />\nthank you very much for you feedback.\r<br />\n<br />\nI will give you some explanations why some classes are not public.\r<br />\n<br />\nI introduced the interface <a href=\"https://reportgenerator.codeplex.com/SourceControl/latest#trunk/ReportGenerator/Reporting/IReportBuilder.cs\" rel=\"nofollow\">IReportBuilder</a> for custom reports. This interface is very generic and will (most likely) not change in the future.\r<br />\nThe <a href=\"https://reportgenerator.codeplex.com/SourceControl/latest#trunk/ReportGenerator.Reporting/Rendering/HtmlRenderer.cs\" rel=\"nofollow\">HtmlRenderer</a> and the other renderers are not public.\r<br />\nThe reason for that is: They contain a lot of methods that are specific for the default reports of ReportGenerator. If I make a little change to one of these methods (which can easily happen if any report changes), your reports may look bad if you override some of the methods.\r<br />\n<br />\nBut I could make <a href=\"https://reportgenerator.codeplex.com/SourceControl/latest#trunk/ReportGenerator.Reporting/Rendering/RendererBase.cs\" rel=\"nofollow\">RendererBase</a> public, it contains only some helper functions which may be useful for others.\r<br />\n<br />\nWhy do you want the constructor of <a href=\"https://reportgenerator.codeplex.com/SourceControl/latest#trunk/ReportGenerator/Parser/Analysis/SummaryResult.cs\" rel=\"nofollow\">SummaryResult</a> to be public? This object is constructed by the core of ReportGenerator. Why do you have to construct it yourself?\r<br />\n<br />\nI have two recommendations for you:\r<br />\n1) Copy <a href=\"https://reportgenerator.codeplex.com/SourceControl/latest#trunk/ReportGenerator.Reporting/Rendering/HtmlRenderer.cs\" rel=\"nofollow\">HtmlRenderer</a> and adjust it to make the report look like you want.\r<br />\nIf I make changes to <a href=\"https://reportgenerator.codeplex.com/SourceControl/latest#trunk/ReportGenerator.Reporting/Rendering/HtmlRenderer.cs\" rel=\"nofollow\">HtmlRenderer</a> your report will not look bad.\r<br />\n<br />\n2) In your case you don't really need a custom renderer.\r<br />\nYou could just use the regular report and collapse the assemblies. It's a single click on &quot;Collapse all&quot; and you are done:\r<br />\n<img src=\"http://i59.tinypic.com/13yk2d.png\" alt=\"Image\" /><br />\n",
    "PostedDate": "2014-06-27T03:15:29.49-07:00",
    "UserRole": null,
    "MarkedAsAnswerDate": null
  },
  {
    "Id": "1260362",
    "ThreadId": "549821",
    "Html": "Thanks for your answer.<br />\n<br />\nI use the constructor of SummaryResult, because I want to sort Assemblies on their coverage quota.<br />\nSo I do the following:<br />\n<pre><code>public override void CreateSummaryReport(SummaryResult summaryResult)\n        {\n            var sortedAssemblies = summaryResult.Assemblies.ToList();\n            sortedAssemblies.Sort(new AssemblyComparer());\n            summaryResult = new SummaryResult(sortedAssemblies, summaryResult.UsedParser);\n\n            using (var renderer = new ShortHtmlRenderer())\n            {\n                CreateSummaryReport(renderer, summaryResult);\n            }\n        }</code></pre>\n\nI think it's not a problem for me that an update from you in HtmlRenderer breaks my code. I will just update my code too then.<br />\nI think this is better that copy pasting all code from HtmlRenderer. Plus I would also need to copy the css resources I think.<br />\n<br />\nI tried to use the default renderer as you suggest, but since my report is very big (400MB of open cover xml report, 270 reports), the HTML report is not usable. I have a button &quot;Enable filtering&quot; instead of the links &quot;Collapse/Expand&quot; but the javascript takes forever if I click the button.<br />\n<br />\nMy renderer is very simple:<br />\n<pre><code>public class ShortHtmlRenderer: HtmlRenderer\n    {\n        public ShortHtmlRenderer() : base(true)\n        {\n        }\n\n        public override void SummaryClass(Class @class)\n        {\n        }\n\n        public override void CustomSummary(IEnumerable&lt;Assembly&gt; assemblies)\n        {\n        }\n    }</code></pre>\n\nEdit: I realize I don't need access to HtmlRenderer.reportTextWriter<br />\n",
    "PostedDate": "2014-06-27T04:37:33.823-07:00",
    "UserRole": null,
    "MarkedAsAnswerDate": null
  },
  {
    "Id": "1260590",
    "ThreadId": "549821",
    "Html": "I think it's much easier to create the desired report with minimal effort. I don't have to make any changes to ReportGenerator. You just have to create a single class that inherits from <a href=\"https://reportgenerator.codeplex.com/SourceControl/latest#trunk/ReportGenerator.Reporting/HtmlReportBuilder.cs\" rel=\"nofollow\">HtmlReportBuilder</a>.\r<br />\n<br />\n<strong>Please try the following code:</strong><br />\n<pre><code>using System;\nusing System.ComponentModel.Composition;\nusing System.Globalization;\nusing System.Linq;\nusing Palmmedia.ReportGenerator.Parser.Analysis;\nusing Palmmedia.ReportGenerator.Properties;\nusing Palmmedia.ReportGenerator.Reporting;\nusing Palmmedia.ReportGenerator.Reporting.Rendering;\n\nnamespace Test\n{\n    [Export(typeof(IReportBuilder))]\n    public class CustomHtmlReportBuilder : HtmlReportBuilder\n    {\n        public override void CreateSummaryReport(IReportRenderer reportRenderer, SummaryResult summaryResult)\n        {\n            if (reportRenderer == null)\n            {\n                throw new ArgumentNullException(&quot;reportRenderer&quot;);\n            }\n\n            if (summaryResult == null)\n            {\n                throw new ArgumentNullException(&quot;summaryResult&quot;);\n            }\n\n            reportRenderer.BeginSummaryReport(this.TargetDirectory, ReportResources.Summary);\n            reportRenderer.Header(ReportResources.Summary);\n\n            reportRenderer.BeginKeyValueTable();\n            reportRenderer.KeyValueRow(ReportResources.GeneratedOn, DateTime.Now.ToShortDateString() + &quot; - &quot; + DateTime.Now.ToLongTimeString());\n            reportRenderer.KeyValueRow(ReportResources.Parser, summaryResult.UsedParser);\n            reportRenderer.KeyValueRow(ReportResources.Assemblies2, summaryResult.Assemblies.Count().ToString(CultureInfo.InvariantCulture));\n            reportRenderer.KeyValueRow(ReportResources.Classes, summaryResult.Assemblies.SelectMany(a =&gt; a.Classes).Count().ToString(CultureInfo.InvariantCulture));\n            reportRenderer.KeyValueRow(ReportResources.Files2, summaryResult.Assemblies.SelectMany(a =&gt; a.Classes).SelectMany(a =&gt; a.Files).Distinct().Count().ToString(CultureInfo.InvariantCulture));\n            reportRenderer.KeyValueRow(ReportResources.Coverage2, summaryResult.CoverageQuota.HasValue ? summaryResult.CoverageQuota.Value.ToString(CultureInfo.InvariantCulture) + &quot;%&quot; : string.Empty);\n            reportRenderer.KeyValueRow(ReportResources.CoveredLines, summaryResult.CoveredLines.ToString(CultureInfo.InvariantCulture));\n            reportRenderer.KeyValueRow(ReportResources.UncoveredLines, (summaryResult.CoverableLines - summaryResult.CoveredLines).ToString(CultureInfo.InvariantCulture));\n            reportRenderer.KeyValueRow(ReportResources.CoverableLines, summaryResult.CoverableLines.ToString(CultureInfo.InvariantCulture));\n            reportRenderer.KeyValueRow(ReportResources.TotalLines, summaryResult.TotalLines.GetValueOrDefault().ToString(CultureInfo.InvariantCulture));\n            reportRenderer.FinishTable();\n\n            reportRenderer.Header(ReportResources.Assemblies);\n\n            if (summaryResult.Assemblies.Any())\n            {\n                reportRenderer.BeginSummaryTable();\n\n                foreach (var assembly in summaryResult.Assemblies.OrderBy(a =&gt; a.CoverageQuota))\n                {\n                    reportRenderer.SummaryAssembly(assembly);\n                }\n\n                reportRenderer.FinishTable();\n            }\n            else\n            {\n                reportRenderer.Paragraph(ReportResources.NoCoveredAssemblies);\n            }\n\n            reportRenderer.SaveSummaryReport(this.TargetDirectory);\n        }\n    }\n}</code></pre>\n\n<strong>This class does:</strong><br />\n<ul>\n<li>Sort the assemblies by coverage</li>\n<li>Exclude classes from summary report (<em>SummaryClass</em>)</li>\n<li>\nExclude Javascript from summary report (<em>CustomSummary</em>)<br />\n</li>\n</ul>\n<strong>Some additional notes:</strong><br />\n<ul>\n<li>Adjusting to a new <em>HtmlRenderer</em> when I make changes may not be a problem for you, but others may complain if I break their code.</li>\n<li>The button &quot;Enable filtering&quot; is not perfect. I have to investigate the Javascript code and make it faster for large reports. Thanks for that hint.</li>\n</ul>\n",
    "PostedDate": "2014-06-27T13:14:20.917-07:00",
    "UserRole": null,
    "MarkedAsAnswerDate": null
  },
  {
    "Id": "1261043",
    "ThreadId": "549821",
    "Html": "This is working, thanks for the help :)\r<br />\nI alos overrided CreateClassReport to avoid the generation of additional files.\r<br />\nThe only missing thing is to be able to sort from the HTML page !<br />\n",
    "PostedDate": "2014-06-30T01:27:38.397-07:00",
    "UserRole": null,
    "MarkedAsAnswerDate": null
  },
  {
    "Id": "1287299",
    "ThreadId": "549821",
    "Html": "Hi,\r<br />\nyou may want to test beta 6 with your reports. Filtering is now much faster.\r<br />\nIt would be great, if you let me know if this works for you.<br />\n",
    "PostedDate": "2014-08-06T13:04:24.96-07:00",
    "UserRole": null,
    "MarkedAsAnswerDate": null
  }
]