[
  {
    "Id": "835773",
    "ThreadId": "355621",
    "Html": "\r\n<p>It would be nice to be able to set the verbosity. ReportGenerator is part of my build process and just e little too verbose in this context for my taste.</p>\r\n<p>/silent ?<br>\r\n/verbosity:s?</p>\r\n<p>Regards,</p>\r\n<p>Robert</p>\r\n",
    "PostedDate": "2012-05-13T12:00:16.307-07:00",
    "UserRole": null,
    "MarkedAsAnswerDate": null
  },
  {
    "Id": "835880",
    "ThreadId": "355621",
    "Html": "<p>Thanks for your suggestion. I will add this feature in the next release.</p>",
    "PostedDate": "2012-05-13T22:15:26.917-07:00",
    "UserRole": null,
    "MarkedAsAnswerDate": null
  },
  {
    "Id": "838447",
    "ThreadId": "355621",
    "Html": "<p>The verbosity switch has been added in changeset 67510.</p>",
    "PostedDate": "2012-05-19T12:11:34.347-07:00",
    "UserRole": null,
    "MarkedAsAnswerDate": null
  },
  {
    "Id": "841547",
    "ThreadId": "355621",
    "Html": "\r\n<p>Wow very cool, and swift action too!</p>\r\n",
    "PostedDate": "2012-05-28T01:57:57.35-07:00",
    "UserRole": null,
    "MarkedAsAnswerDate": null
  }
]