[
  {
    "Id": "924569",
    "ThreadId": "398789",
    "Html": "\r\n<p>Hello,&nbsp;</p>\r\n<p>I have merged reports from two different .pdb files,</p>\r\n<p>&nbsp;</p>\r\n<p>i) how can i exclude data so that the merge report doesnot show source location of one .pdb</p>\r\n<p>ii) How can i exclude coverage data of a particular .dll ?</p>\r\n<p>&nbsp;</p>\r\n<p>iii) Is there a way in which i can extract the branch coverage from the individual files?</p>\r\n<p>&nbsp;</p>\r\n<p>&nbsp;</p>\r\n<p>&nbsp;</p>\r\n<p>&nbsp;</p>\r\n<p>&nbsp;</p>\r\n<p>&nbsp;</p>\r\n<p>Thanks,</p>\r\n<p>Nida</p>\r\n",
    "PostedDate": "2012-10-10T02:54:52.543-07:00",
    "UserRole": null,
    "MarkedAsAnswerDate": null
  },
  {
    "Id": "924583",
    "ThreadId": "398789",
    "Html": "<p>i) That's not possible. In general I don't think it's a good idea to create a report from different PDBs. It should always be the same, otherwise you could get strange results.</p>\r\n<p>ii) You could exclude assemblies by using the \"filter\" command line argument; e.g.&nbsp;-filters:-MyAssembly</p>\r\n<p>iii) No, the branch coverage information is placed in a table above the corresponding source code.</p>",
    "PostedDate": "2012-10-10T03:30:08.877-07:00",
    "UserRole": null,
    "MarkedAsAnswerDate": null
  },
  {
    "Id": "924922",
    "ThreadId": "398789",
    "Html": "<p>Is it possible to view the branch coverage, sequence and c complexity from all the files in one location, that will give me of how the overall numbers in these areas are. ?</p>",
    "PostedDate": "2012-10-10T13:58:03.273-07:00",
    "UserRole": null,
    "MarkedAsAnswerDate": null
  },
  {
    "Id": "925061",
    "ThreadId": "398789",
    "Html": "<p>No, that is not supported.</p>",
    "PostedDate": "2012-10-10T23:38:26.04-07:00",
    "UserRole": null,
    "MarkedAsAnswerDate": null
  }
]