[
  {
    "Id": "1258775",
    "ThreadId": "549378",
    "Html": "Thanks for the good open source unit test coverage reporting tool. We are using the tool for one of our production projects as main coverage tool.\r<br />\n<br />\nWe are facing an issue related to the LINQ queries coverage report. Could you please help us to resolve ?\r<br />\n<br />\nSample 1. From Line number 249 to 262 is the single LINQ statement. But tool is showing line number 249 is covered and rest of the lines are not covered. The percentage of coverage is also reduced.<br />\n<pre><code>    1   249                 lstReconcileDetailType2.ForEach(record =&gt;\n    0   250                 {\n    0   251                     unitOfWork.AddSaveEntity&lt;ReconcileDetailType2&gt;(new ReconcileDetailType2\n        252                     {\n        253                         ReconcileDetailB2Key = NewReconcileDetailB2Key,\n        254                         PaymentTypeKey = record.PaymentTypeKey,\n        255                         ForeignCurrencyCode = record.ForeignCurrencyCode,\n        256                         TransacationCount = record.TransacationCount,\n        257                         BaseAmountFin = record.BaseAmountFin,\n        258                         ForeignAmountFin = record.ForeignAmountFin,\n        259                         SettlementCurrencyCode = record.SettlementCurrencyCode,\n        260                         TotalSettlementAmount = record.TotalSettlementAmount\n        261                     });\n        262                 });</code></pre>\n\nSample 2: \r<br />\nThough the following lines are shown as covered, the branch level coverage for the following method is only 66.67 %. Could you please help us to understand ?<br />\n<pre><code>        231         private bool CheckDuplicateISOCountryID(DataModel.ISOCountry objCountry)\n    1   232         {\n    1   233             bool isIDExist = objCountryMasterDataRepository.Check(record =&gt;\n        234                                                 (record.ISOCountryID == objCountry.ISOCountryID &amp;&amp;\n        235                                                  record.ISOCountryKey != objCountry.ISOCountryKey &amp;&amp;\n        236                                                  record.IsDeleted == false));\n    1   237             return isIDExist;\n    1   238         }</code></pre>\n\nThanks,\r<br />\nSabarinathan Arthanari.<br />\n",
    "PostedDate": "2014-06-23T00:14:44.057-07:00",
    "UserRole": null,
    "MarkedAsAnswerDate": null
  },
  {
    "Id": "1258802",
    "ThreadId": "549378",
    "Html": "Hi Sabarinathan,\r<br />\n<br />\nwhich coverage tool are you using? OpenCover?\r<br />\n<br />\nBest regards,\r<br />\n<br />\nDaniel<br />\n",
    "PostedDate": "2014-06-23T01:42:30.767-07:00",
    "UserRole": null,
    "MarkedAsAnswerDate": null
  },
  {
    "Id": "1258817",
    "ThreadId": "549378",
    "Html": "Hi Sabarinathan, \r<br />\n<br />\nregarding <strong>Sample 1</strong>:\r<br />\nPlease try latest beta release, this should fix the problem:\r<br />\n<a href=\"https://reportgenerator.codeplex.com/releases/view/121371\" rel=\"nofollow\">https://reportgenerator.codeplex.com/releases/view/121371</a>\r<br />\n<a href=\"http://www.nuget.org/packages/ReportGenerator/2.0.0-beta5\" rel=\"nofollow\">http://www.nuget.org/packages/ReportGenerator/2.0.0-beta5</a>\r<br />\n<br />\nregarding <strong>Sample 2</strong>:\r<br />\nThe branch coverage is measured by the coverage tool (e.g. OpenCover). Since I don't know your test code, I can only guess that one the 3 conditions is never met:<br />\n<ul>\n<li>record.ISOCountryID == objCountry.ISOCountryID </li>\n<li>record.ISOCountryKey != objCountry.ISOCountryKey</li>\n<li>\nrecord.IsDeleted == false<br />\n</li>\n</ul>\nBest regards, \r<br />\n<br />\nDaniel<br />\n",
    "PostedDate": "2014-06-23T02:44:02.463-07:00",
    "UserRole": null,
    "MarkedAsAnswerDate": null
  },
  {
    "Id": "1258843",
    "ThreadId": "549378",
    "Html": "Hi Daniel,\r<br />\n<br />\nThanks for providing the quick update !!<br />\n<ol>\n<li>Yes We are using the Open Cover tool.</li>\n<li>I'll try the new beta release and let you know. </li>\n<li>\nI'll check the second Sample in my code and get back to you.<br />\n</li>\n</ol>\nThanks again,\r<br />\nSabarinathan A.<br />\n",
    "PostedDate": "2014-06-23T05:02:28.7-07:00",
    "UserRole": null,
    "MarkedAsAnswerDate": null
  }
]