[
  {
    "Id": "915200",
    "ThreadId": "396261",
    "Html": "\r\n<p>We have a continuous improvement workflow, and due to the number of lines of code, having percentage stop at the first decimal digit does not give enough granulraity of improvement.</p>\r\n<p>Code used is this (With a few changes:</p>\r\n<pre style=\"font-family:Consolas; font-size:13; color:black; background:white\"><span style=\"color:blue\">return</span>&nbsp;(<span style=\"color:blue\">this</span>.CoverableLines&nbsp;==&nbsp;0)&nbsp;?&nbsp;0&nbsp;:&nbsp;<strong><span style=\"color:#2b91af\">Math</span>.Round</strong>((<span style=\"color:blue\">decimal</span>)100.0&nbsp;*&nbsp;<span style=\"color:blue\">this</span>.CoveredLines&nbsp;/&nbsp;<span style=\"color:blue\">this</span>.CoverableLines,&nbsp;2);\r\n</pre>\r\n",
    "PostedDate": "2012-09-20T07:44:47.293-07:00",
    "UserRole": null,
    "MarkedAsAnswerDate": null
  },
  {
    "Id": "915612",
    "ThreadId": "396261",
    "Html": "<p>I'm not sure if this feature would really help to write better code.</p>\r\n<p>Code coverage (especially line coverage) is a tool, which helps you to identify code regions that are not covered yet.</p>\r\n<p>A covered line means: \"this line has been executed\". It does neither make any&nbsp;guarantees, that a suitable Assert statement exists, nor does it assure that all branches in a line have been covered.</p>\r\n<p>That means, if you want to get your unit tests \"right\", then you have to take a closer look at the code together with the coverage results.</p>\r\n<p>If you make assumptions about your test quality based on: \"I have a coverage of 80.14%\" instead of \"I&nbsp;have a coverage of 80.1%\", then you are probably doing it wrong. If you really want to work on that level, you could also have a look at \"Covered lines\", \"Coverable lines\" and \"Total lines\". The quota is not that important.</p>\r\n<p>What do you think?</p>",
    "PostedDate": "2012-09-21T02:55:26.67-07:00",
    "UserRole": null,
    "MarkedAsAnswerDate": null
  }
]