[
  {
    "Id": "1288190",
    "ThreadId": "560631",
    "Html": "Hey there-<br />\n<br />\nI am having issues generating a report.  I'm using OpenCover and then ReportGenerator immediately after.  Here are my two commands (from PowerShell):<br />\n<pre><code>copy_all_assemblies_for_test $test_dir\ncreate_directory $test_dir\\TestResult\nexec {\n    &amp; $source_dir\\packages\\OpenCover.4.5.2506\\OpenCover.Console.exe -register:user &quot;-target:$mstestPath\\mstest.exe&quot; &quot;-targetargs:/noisolation /testcontainer:$test_dir\\$projectName.Tests.dll /resultsfile:$test_dir\\TestResult\\$projectName.trx&quot; -filter:&quot;+[*]*&quot; -mergebyhash -output:$test_dir\\TestResult\\$projectName.CoverageReport.xml\n\n    &amp; $source_dir\\packages\\ReportGenerator.1.9.1.0\\ReportGenerator.exe -reports:&quot;$test_dir\\TestResult\\$projectName.CoverageReport.xml&quot; -targetdir:&quot;$test_dir\\TestResult\\CodeCoverage&quot;\n}\n</code></pre>\n\nOpenCover generates a file perfectly and there is definitely coverage data in the resulting XML.  However, when I feed this XML file to ReportGenerator, it merely shows 2 assemblies and no other information (i.e. classes, coverage, etc.).<br />\n<br />\ncopy_all_assemblies_for_test does it exactly what it says it does and copies all of the assemblies, pdb, config, etc files to a test directory.<br />\n<br />\nAny ideas?<br />\n<br />\nThanks!<br />\nJosh<br />\n",
    "PostedDate": "2014-08-08T12:53:14.557-07:00",
    "UserRole": null,
    "MarkedAsAnswerDate": null
  },
  {
    "Id": "1288204",
    "ThreadId": "560631",
    "Html": "Looks like it is working...<br />\n<br />\nIt must not like underscores... the name of my assembly (due to it being tokenized) is Company._ _ NAME _ _.Tests etc.  As soon as it was replaced with something else, it worked.<br />\n<br />\nAny ideas?<br />\nJosh<br />\n",
    "PostedDate": "2014-08-08T13:32:46.913-07:00",
    "UserRole": null,
    "MarkedAsAnswerDate": null
  },
  {
    "Id": "1288769",
    "ThreadId": "560631",
    "Html": "Hi Josh,\r<br />\n<br />\ncould you provide me the coverage file? Then I can have a look at the problem.\r<br />\n<br />\nThanks, Daniel<br />\n",
    "PostedDate": "2014-08-11T00:52:11.487-07:00",
    "UserRole": null,
    "MarkedAsAnswerDate": null
  }
]