[
  {
    "Id": "1315830",
    "ThreadId": "570461",
    "Html": "In previous versions of ReportGenerator I would generate the Html and HtmlSummary reports and the summary would have hyperlinks to each individual html file. This was very convenient.\r<br />\n<br />\nI downloaded v2.0 earlier today and I notice that the summary no longer contains the hyperlink. Was that intentional?\r<br />\n<br />\nFYI: the html files for each individual method are created, as well as the index.html file. The only thing missing are the hyperlinks.<br />\n",
    "PostedDate": "2014-10-22T15:43:56.46-07:00",
    "UserRole": null,
    "MarkedAsAnswerDate": null
  },
  {
    "Id": "1315880",
    "ThreadId": "570461",
    "Html": "The <em>Html</em> contains the index.htm <strong>and</strong> the individual reports.\r<br />\nThe <em>HtmlSummary</em> contains <strong>only</strong> the index.htm (without hyperlinks).\r<br />\n<br />\nIf you generate <em>Html</em> it is not necessary to create <em>HtmlSummary</em> at the same time.\r<br />\n<br />\nIn ReportGenerator 2.0 the order in which both report types are generated, might have changed.\r<br />\nThis explains why you don't see the hyperlinks any more.\r<br />\nIn your case the HtmlSummary is generated last (without hyperlinks).\r<br />\n<br />\nYour problem should be solved by just generating <em>Html</em> report.<br />\n",
    "PostedDate": "2014-10-22T22:45:41.343-07:00",
    "UserRole": null,
    "MarkedAsAnswerDate": "2014-10-23T13:22:08.443-07:00"
  },
  {
    "Id": "1315998",
    "ThreadId": "570461",
    "Html": "I didn't know that Html would also generate the index.htm. Therefore I removed the HtmlSummary from &quot;reporttypes&quot; and the problem is resolved.\r<br />\n<br />\nThanks for your help.<br />\n",
    "PostedDate": "2014-10-23T06:41:55.13-07:00",
    "UserRole": null,
    "MarkedAsAnswerDate": null
  },
  {
    "Id": "1316000",
    "ThreadId": "570461",
    "Html": "Perfect.<br />\n",
    "PostedDate": "2014-10-23T06:44:08.137-07:00",
    "UserRole": null,
    "MarkedAsAnswerDate": null
  }
]