[
  {
    "Id": "1073196",
    "ThreadId": "451437",
    "Html": "I am using Opencover and ReportGenerator for coverage. When I run ReportGenerator using nant script locally, it runs fine, but when I include the same script in jenkins project, it gives reports not specified error.\r<br />\n[exec] No report files specified.\r<br />\n<br />\nHere is the script which is one of the targets on nant.\r<br />\n<br />\n&lt;exec program=&quot;${report_console}&quot; workingdir=&quot;UNCpath\\Test_Coverage&quot; failonerror=&quot;false&quot;&gt;<br />\n<pre><code>        &lt;arg value=&quot;-reports:&amp;quot;Coverage.xml&amp;quot;&quot;/&gt;\n        &lt;arg value=&quot;-targetdir:&amp;quot;CoverageReports&amp;quot;&quot;/&gt;\n        &lt;arg value=&quot;-reporttypes:HTML&quot;/&gt;\n&lt;/exec&gt;\n</code></pre>\n\ncan anyone please help me out on this. I am stuck for a long time now.<br />\n",
    "PostedDate": "2013-07-25T14:39:44.077-07:00",
    "UserRole": null,
    "MarkedAsAnswerDate": null
  },
  {
    "Id": "1073304",
    "ThreadId": "451437",
    "Html": "Is your working directory correct? If yes, then try to place the quotes at the correct position (or leave them out, as the path does not contain any spaces):<br />\n<pre><code>&lt;exec program=&quot;${report_console}&quot; workingdir=&quot;UNCpath\\Test_Coverage&quot; failonerror=&quot;false&quot;&gt;\n        &lt;arg value=&quot;&amp;quot;-reports:Coverage.xml&amp;quot;&quot;/&gt;\n        &lt;arg value=&quot;&amp;quot;-targetdir:CoverageReports&amp;quot;&quot;/&gt;\n        &lt;arg value=&quot;-reporttypes:HTML&quot;/&gt;\n&lt;/exec&gt;</code></pre>\n\n",
    "PostedDate": "2013-07-25T21:15:58.78-07:00",
    "UserRole": null,
    "MarkedAsAnswerDate": null
  },
  {
    "Id": "1073478",
    "ThreadId": "451437",
    "Html": "The working directory is correct. When i run it in cmd prompt, it runs perfectly fine. But, it gives error  when I include the same script in jenkins.\r<br />\nIs there a way i can debug it in jenkins or turn on a flag to display while to generates the report?\r<br />\n<br />\nError: [exec] No report files specified.<br />\n",
    "PostedDate": "2013-07-26T06:41:58.68-07:00",
    "UserRole": null,
    "MarkedAsAnswerDate": null
  },
  {
    "Id": "1073482",
    "ThreadId": "451437",
    "Html": "I also tried placing the code to the correct position. but it gives the same error,<br />\n",
    "PostedDate": "2013-07-26T06:48:39.073-07:00",
    "UserRole": null,
    "MarkedAsAnswerDate": null
  },
  {
    "Id": "1073537",
    "ThreadId": "451437",
    "Html": "I really don't know what's wrong here.\r<br />\nPerhaps it helps to specify the full path to the Coverage.xml<br />\n",
    "PostedDate": "2013-07-26T08:37:58.583-07:00",
    "UserRole": null,
    "MarkedAsAnswerDate": null
  }
]