[
  {
    "Id": "1018341",
    "ThreadId": "437359",
    "Html": "Hi,\r<br />\n<br />\nthanks for effort to develop this tool and good documentation!!\r<br />\nI generated a report from VS2010 *.coverxml file without any filters and noticed that number of covered lines differs from VS2010 code coverage results.\r<br />\n<br />\nVS2010:\r<br />\nCoverage (Lines) = 81.97%\r<br />\nCovered Lines = 18386\r<br />\n<br />\nSummary of VisualStudioParser:\r<br />\nCoverage (Lines) = 87.2%\r<br />\nCovered Lines = 13932\r<br />\n<br />\nWhy this difference? Any idea?\r<br />\n<br />\nThanks for reply <br />\n",
    "PostedDate": "2013-03-20T09:09:16.01-07:00",
    "UserRole": null,
    "MarkedAsAnswerDate": null
  },
  {
    "Id": "1019393",
    "ThreadId": "437359",
    "Html": "Hi,<br />\n<br />\nReportGenerator distinguishes between <strong>covered</strong>, <strong>uncovered</strong> and <strong>uncoverable</strong> lines.<br />\nVisual Studio differentiates between <strong>covered</strong>, <strong>partially covered</strong> and <strong>uncovered</strong> lines.<br />\n<br />\nIf you sum up the <strong>covered</strong> and <strong>partially covered</strong> lines from Visual Studio, then you should get pretty much the same result as ReportGenerator.<br />\n<br />\nHope this helps to explain the difference.<br />\n",
    "PostedDate": "2013-03-22T02:32:42.51-07:00",
    "UserRole": null,
    "MarkedAsAnswerDate": null
  }
]