[
  {
    "Id": "1256989",
    "ThreadId": "548883",
    "Html": "My question concerns about cumulative codecoverage.\r<br />\nI have several reports &quot;coverage.xml&quot; files which can parsed just fine.\r<br />\nThese reports can handle same source files but differen part of the code is covered in different reports (.xml) files.\r<br />\n<br />\nSo is there any way to combine these coverage results into a single one result which could show all the coverage at ones and not in separate &quot;modules&quot;? \r<br />\n<br />\nBr,\r<br />\nTimo<br />\n",
    "PostedDate": "2014-06-17T04:35:44.587-07:00",
    "UserRole": null,
    "MarkedAsAnswerDate": null
  },
  {
    "Id": "1257006",
    "ThreadId": "548883",
    "Html": "Hi Timo,\r<br />\n<br />\nI'm sorry but this is not possible.\r<br />\nClasses are merged if they have the same name <strong>and</strong> the corresponding assembly/module has the same name.\r<br />\nIf I would merge only bases on the classname, you would get strange results in other scenarios.\r<br />\n<br />\nBest regards, Daniel<br />\n",
    "PostedDate": "2014-06-17T05:11:03.877-07:00",
    "UserRole": null,
    "MarkedAsAnswerDate": null
  }
]