[
  {
    "Id": "846497",
    "ThreadId": "358843",
    "Html": "\r\n<p>I got an error message on attempting to generate a report from a OpenCover xml file.&nbsp;</p>\r\n<p>This is the command that I ran</p>\r\n<p>ReportGenerator.exe -reporttypes:Html -sourcedirs:&quot;C:\\Projects\\TestCoverageDemoLibrary&quot; -targetdir:C:\\Utils\\ReportGenerator_1.4.1.0\\bin -reports:coverage.xml</p>\r\n<p>Error message</p>\r\n<p>The report file 'coverage.xml' does not exist.</p>\r\n<p>The downloaded zip file does not have any xml files and I am not sure what I am missing.&nbsp;</p>\r\n",
    "PostedDate": "2012-06-08T03:24:36.26-07:00",
    "UserRole": null,
    "MarkedAsAnswerDate": null
  },
  {
    "Id": "846499",
    "ThreadId": "358843",
    "Html": "\r\n<p>Hi&nbsp;ashishnarmen,</p>\r\n<p>Instead of &quot;coverage.xml&quot; you have to specify the path to the XML file that has been generated by OpenCover.</p>\r\n<p>This path can either be a full path or a relative path (relative to your current working directory).</p>\r\n<p>The download does not contain any XML files, since you probably want to generate a report of your custom OpenCover report.</p>\r\n<p>Best regards,</p>\r\n<p>Daniel</p>\r\n",
    "PostedDate": "2012-06-08T03:32:23.687-07:00",
    "UserRole": null,
    "MarkedAsAnswerDate": null
  },
  {
    "Id": "846503",
    "ThreadId": "358843",
    "Html": "<p>Oh. Got it working now. Thanks a lot.</p>",
    "PostedDate": "2012-06-08T03:42:52.317-07:00",
    "UserRole": null,
    "MarkedAsAnswerDate": null
  }
]