[
  {
    "Id": "1080093",
    "ThreadId": "453275",
    "Html": "Hi,\r<br />\n<br />\nI am looking report from ReportGenerator for StyleCop,Fxcop and Qunit code coverage from Team Build 2010.\r<br />\n<br />\nPlease let me know is it possible with these tools.<br />\n",
    "PostedDate": "2013-08-13T06:31:47.263-07:00",
    "UserRole": null,
    "MarkedAsAnswerDate": null
  },
  {
    "Id": "1080096",
    "ThreadId": "453275",
    "Html": "Hi,\r<br />\n<br />\nI don't understand your question. What do you want to do?\r<br />\nReportGenerator generates coverage reports, it has nothing to do with StyleCop, FxCop. These tools are completly different and generate other metrics/reports.<br />\n",
    "PostedDate": "2013-08-13T06:39:17.543-07:00",
    "UserRole": null,
    "MarkedAsAnswerDate": null
  },
  {
    "Id": "1080098",
    "ThreadId": "453275",
    "Html": "I want the generate the report whatever result generate from Team build for StyleCop, FxCop and Qunit.. Please let me know reportgenerator get the data from Team Build 2010.<br />\n",
    "PostedDate": "2013-08-13T06:44:40.913-07:00",
    "UserRole": null,
    "MarkedAsAnswerDate": null
  },
  {
    "Id": "1080100",
    "ThreadId": "453275",
    "Html": "You can integrate ReportGenerator in your Team Build. But again, it has nothing to do with FxCop, Stylecop etc.\r<br />\n<br />\nIt is used in the following way:\r<br />\n-Run unit tests with OpenCover (or another supported coverage tool)\r<br />\n-Process report generated by OpenCover and generate HTML report<br />\n",
    "PostedDate": "2013-08-13T06:56:41.213-07:00",
    "UserRole": null,
    "MarkedAsAnswerDate": null
  }
]