[
  {
    "Id": "912074",
    "ThreadId": "395385",
    "Html": "\r\n<p>Suppose in the report file that was generated by NCover contain the following line,</p>\r\n<p>&nbsp;</p>\r\n<div style=\"color:black; background-color:white\">\r\n<pre>    <span style=\"color:blue\">&lt;</span><span style=\"color:#a31515\">method</span> <span style=\"color:red\">name</span><span style=\"color:blue\">=</span><span style=\"color:black\">&quot;</span><span style=\"color:blue\">XXX</span><span style=\"color:black\">&quot;</span> <span style=\"color:red\">excluded</span><span style=\"color:blue\">=</span><span style=\"color:black\">&quot;</span><span style=\"color:blue\">true</span><span style=\"color:black\">&quot;</span> <span style=\"color:red\">instrumented</span><span style=\"color:blue\">=</span><span style=\"color:black\">&quot;</span><span style=\"color:blue\">false</span><span style=\"color:black\">&quot;</span> <span style=\"color:red\">class</span><span style=\"color:blue\">=</span><span style=\"color:black\">&quot;</span><span style=\"color:blue\">yyy</span><span style=\"color:black\">&quot;</span><span style=\"color:blue\">&gt;</span>\n      <span style=\"color:blue\">&lt;</span><span style=\"color:#a31515\">seqpnt</span> <span style=\"color:red\">visitcount</span><span style=\"color:blue\">=</span><span style=\"color:black\">&quot;</span><span style=\"color:blue\">0</span><span style=\"color:black\">&quot;</span> <span style=\"color:red\">line</span><span style=\"color:blue\">=</span><span style=\"color:black\">&quot;</span><span style=\"color:blue\">32</span><span style=\"color:black\">&quot;</span> <span style=\"color:red\">column</span><span style=\"color:blue\">=</span><span style=\"color:black\">&quot;</span><span style=\"color:blue\">17</span><span style=\"color:black\">&quot;</span> <span style=\"color:red\">endline</span><span style=\"color:blue\">=</span><span style=\"color:black\">&quot;</span><span style=\"color:blue\">33</span><span style=\"color:black\">&quot;</span> <span style=\"color:red\">endcolumn</span><span style=\"color:blue\">=</span><span style=\"color:black\">&quot;</span><span style=\"color:blue\">32</span><span style=\"color:black\">&quot;</span> <span style=\"color:red\">excluded</span><span style=\"color:blue\">=</span><span style=\"color:black\">&quot;</span><span style=\"color:blue\">true</span><span style=\"color:black\">&quot;</span> <span style=\"color:red\">document</span><span style=\"color:blue\">=</span><span style=\"color:black\">&quot;</span><span style=\"color:blue\">zzz</span><span style=\"color:black\">&quot;</span> <span style=\"color:blue\">/&gt;</span>\n    <span style=\"color:blue\">&lt;/</span><span style=\"color:#a31515\">method</span><span style=\"color:blue\">&gt;</span>\n</pre>\r\n</div>\r\n<p>&nbsp;</p>\r\n<p>As you can see the attribute &quot;<span style=\"color:#ff0000\">excluded=&quot;true</span>&quot;&quot; , however , ReportGenerator doesn't exclude it on the report. Is there a way to exclude it other than using -filter features?</p>\r\n<p>&nbsp;</p>\r\n<p>Thank you in advance :D</p>\r\n",
    "PostedDate": "2012-09-13T01:49:27.007-07:00",
    "UserRole": null,
    "MarkedAsAnswerDate": null
  },
  {
    "Id": "912080",
    "ThreadId": "395385",
    "Html": "<p>For modules, classes and methods OpenCover adds a 'skippedDueTo' attribute if the element is filtered.</p>\r\n<p>I wasn't aware of that \"excluded\" attribute in seqpnt and method elements.</p>\r\n<p>Two questions:</p>\r\n<ol>\r\n<li>Are you using the latest version of OpenCover (4.0.804)?&nbsp;</li>\r\n<li>Can you tell me which command line arguments are used when you run OpenCover?</li>\r\n</ol>",
    "PostedDate": "2012-09-13T02:05:42.627-07:00",
    "UserRole": null,
    "MarkedAsAnswerDate": null
  },
  {
    "Id": "912098",
    "ThreadId": "395385",
    "Html": "\r\n<p>Oh sorry , my really big mistake. :P</p>\r\n<p>It NCover 1.5.8 , not OpenCover. I already edit the topic.</p>\r\n<p>Thanks you for your quick response &gt;&lt;&quot;a&nbsp;</p>\r\n",
    "PostedDate": "2012-09-13T02:39:03.997-07:00",
    "UserRole": null,
    "MarkedAsAnswerDate": null
  }
]