[
  {
    "Id": "1257462",
    "ThreadId": "549025",
    "Html": "VS\r<br />\nNot covered(Blocks)\tNot Covered(%)\tCovered(Block)\tCovered(%)\r<br />\n24436\t74.71%\t8272\t25.29%\r<br />\n<br />\nRG\r<br />\nCoverage:\t23.70%\r<br />\nCovered lines:\t4336\r<br />\nUncovered lines:\t13951\r<br />\nCoverable lines:\t18287\r<br />\nTotal lines:\t61427\r<br />\n<br />\nyou can see there a different in report \r<br />\nand when I generator the report some error show up I don't know if it is the root case \r<br />\njust like\r<br />\nxxxx.Protected.Model\\Fakes\\ModelUpgraderFake.cs' does not exist (any more).\r<br />\n<br />\nand I found that vs shows blocks' coverage and RG shows lines' coverage there are difference in these two ?<br />\n",
    "PostedDate": "2014-06-18T06:42:03.583-07:00",
    "UserRole": null,
    "MarkedAsAnswerDate": null
  },
  {
    "Id": "1257465",
    "ThreadId": "549025",
    "Html": "VS uses blocks, see some explanation here: <a href=\"http://stackoverflow.com/questions/4958209/the-blocks-in-code-coverage-with-vs2010\" rel=\"nofollow\">http://stackoverflow.com/questions/4958209/the-blocks-in-code-coverage-with-vs2010</a>\r<br />\nReportGenerator maps this to the lines of the source code and therefore shows &quot;line coverage&quot;.\r<br />\n<br />\nSince blocks and lines are not the same, the results may differ (23,70% &lt;-&gt; 25.29% coverage).\r<br />\n<br />\nReportGenerator parses all source files to generate the reports. If one file does not exist (any more), the corresponding warning is generated.\r<br />\nIf you want an accurate report, all files should be available.<br />\n",
    "PostedDate": "2014-06-18T06:52:33.78-07:00",
    "UserRole": null,
    "MarkedAsAnswerDate": null
  },
  {
    "Id": "1257840",
    "ThreadId": "549025",
    "Html": "Thanks I got it,\r<br />\n<br />\nand an other question \r<br />\n<br />\nthere is any way to excluded one dll's all Assemblies?<br />\n",
    "PostedDate": "2014-06-19T04:46:48.263-07:00",
    "UserRole": null,
    "MarkedAsAnswerDate": null
  },
  {
    "Id": "1257844",
    "ThreadId": "549025",
    "Html": "You can exclude assemblies by their name.\r<br />\nSee <strong>Usage</strong> section on <a href=\"http://reportgenerator.codeplex.com\" rel=\"nofollow\">http://reportgenerator.codeplex.com</a><br />\n",
    "PostedDate": "2014-06-19T04:53:56.75-07:00",
    "UserRole": null,
    "MarkedAsAnswerDate": null
  },
  {
    "Id": "1258743",
    "ThreadId": "549025",
    "Html": "Thank you !\r<br />\nand is there  any way to show the blocks coverage like VS I can found blocks information in the class page .  I want to show the blocks coverage . How can I do?<br />\n",
    "PostedDate": "2014-06-22T19:40:20.29-07:00",
    "UserRole": null,
    "MarkedAsAnswerDate": null
  },
  {
    "Id": "1258766",
    "ThreadId": "549025",
    "Html": "If you take a look at a class report you will find a table located at the top. This table shows the covered blocks per method.\r<br />\nFor the rest of the report, line coverage is used.<br />\n",
    "PostedDate": "2014-06-22T23:13:06.873-07:00",
    "UserRole": null,
    "MarkedAsAnswerDate": null
  }
]