[
  {
    "Id": "1316109",
    "ThreadId": "570536",
    "Html": "The tooltip that is displayed when I hover my mouse over the new &quot;branch&quot; icon is really great. It's really helpful to find if&quot; or &quot;switch&quot; statements where I forgot to cover one of the branches. \r<br />\n<br />\nHowever, I have several methods with coverage in the 90-95% range and it's not obvious which branch I forgot to cover. In this situation I have to hover my mouse over each icon, wait a second or two for the tooltip to be displayed, move my mouse to the next icon and repeat until I find the culprit. Eventually, I find the branch that I did not properly cover but it's a little bit tedious.\r<br />\n<br />\nIn addition to the tooltip, would it be possible to change the background color to help me more easily identify this scenario? \r<br />\n<br />\nHere's what I suggest:<br />\n<ul>\n<li>If zero branches are covered, background color is red (this the current behavior)</li>\n<li>If all branches are covered, background color is green (this is the current behavior)</li>\n<li>\nIf at least one but not all branches are covered, background is yellow (new behavior)<br />\n</li>\n</ul>\nHopefully this makes sense.<br />\n",
    "PostedDate": "2014-10-23T13:35:29.15-07:00",
    "UserRole": null,
    "MarkedAsAnswerDate": null
  },
  {
    "Id": "1316184",
    "ThreadId": "570536",
    "Html": "Thanks for your suggestion.\r<br />\n<br />\nCurrently green/red is only used to indicate line coverage. I'm not sure if mixing this with branch coverage is intuitive.\r<br />\n<br />\nHow do you think about changing the color of the branch icon?<br />\n",
    "PostedDate": "2014-10-24T00:13:12.653-07:00",
    "UserRole": null,
    "MarkedAsAnswerDate": null
  },
  {
    "Id": "1316274",
    "ThreadId": "570536",
    "Html": "Changing the color of the icon is fine too. In fact, any visual indicator would be fine. What's important to me is that I have a way to quickly and easily identify uncovered code and branches.<br />\n",
    "PostedDate": "2014-10-24T07:14:10.753-07:00",
    "UserRole": null,
    "MarkedAsAnswerDate": null
  },
  {
    "Id": "1316999",
    "ThreadId": "570536",
    "Html": "I will implement this feature within the next 1-2 weeks.<br />\n",
    "PostedDate": "2014-10-28T05:09:20.613-07:00",
    "UserRole": null,
    "MarkedAsAnswerDate": null
  },
  {
    "Id": "1318092",
    "ThreadId": "570536",
    "Html": "I added a vertical bar indicating the coverage percentage.\r<br />\n<br />\nIt would be great if you could test the latest beta on Nuget: \r<br />\n<a href=\"https://www.nuget.org/packages/ReportGenerator/2.0.1-beta1\" rel=\"nofollow\">https://www.nuget.org/packages/ReportGenerator/2.0.1-beta1</a>\r<br />\n<br />\nPlease use a modern browser which supports <em>border-image</em>:\r<br />\n<a href=\"http://caniuse.com/#search=border-image\" rel=\"nofollow\">http://caniuse.com/#search=border-image</a><br />\n",
    "PostedDate": "2014-10-31T14:24:49.997-07:00",
    "UserRole": null,
    "MarkedAsAnswerDate": "2015-01-06T02:33:01.587-08:00"
  },
  {
    "Id": "1319169",
    "ThreadId": "570536",
    "Html": "The vertical bar is a little bit small, but it's gives me exactly the information I need so it's fine. I like it! <br />\n",
    "PostedDate": "2014-11-04T15:13:55.187-08:00",
    "UserRole": null,
    "MarkedAsAnswerDate": null
  },
  {
    "Id": "1340700",
    "ThreadId": "570536",
    "Html": "I like the new bar.  It helps me understand which branches are not covered when looking at the specific files.  Would it be possible to also see statistics on uncovered branches in the summary page?  I have a file right now that is generally reporting as 100% covered even though there is one branch that I have not covered with a test.<br />\n",
    "PostedDate": "2015-01-10T10:30:36.77-08:00",
    "UserRole": null,
    "MarkedAsAnswerDate": null
  },
  {
    "Id": "1340773",
    "ThreadId": "570536",
    "Html": "Good idea. I will see how I can integrate the branch results in the summary page.\r<br />\nBut this may take some time, since I'm quite busy.<br />\n",
    "PostedDate": "2015-01-11T01:22:02.147-08:00",
    "UserRole": null,
    "MarkedAsAnswerDate": null
  },
  {
    "Id": "1341204",
    "ThreadId": "570536",
    "Html": "Please have a look at this beta release:\r<br />\n<a href=\"https://www.nuget.org/packages/ReportGenerator/2.1.0-beta1\" rel=\"nofollow\">https://www.nuget.org/packages/ReportGenerator/2.1.0-beta1</a>\r<br />\n<br />\nLet me know if this works for you.<br />\n",
    "PostedDate": "2015-01-12T11:22:50.683-08:00",
    "UserRole": null,
    "MarkedAsAnswerDate": null
  },
  {
    "Id": "1341270",
    "ThreadId": "570536",
    "Html": "That works great.  Thanks!<br />\n",
    "PostedDate": "2015-01-12T14:52:48.163-08:00",
    "UserRole": null,
    "MarkedAsAnswerDate": null
  }
]