[
  {
    "Id": "1227894",
    "ThreadId": "540469",
    "Html": "I have a bunch of generic classes and methods, and the report generator is skipping these.  When I pulled down the source, i found the query is filtering all generics out..  When I remove the where clause from the query, all my generics show up.  I am using the visualstudioparser.\r<br />\n<br />\n.Where(c =&gt; !c.Value.Contains(&quot;__&quot;) &amp;&amp; !c.Value.Contains(&quot;&lt;&quot;)  &amp;&amp; !c.Value.Contains(&quot;.&quot;))\r<br />\n<br />\nIs this intentional?<br />\n",
    "PostedDate": "2014-03-28T09:25:16.93-07:00",
    "UserRole": null,
    "MarkedAsAnswerDate": null
  },
  {
    "Id": "1227970",
    "ThreadId": "540469",
    "Html": "Thanks for reporting this issue!\r<br />\n<br />\nThe code is intentional to exclude compiler generated classes. But maybe the condition filters to many classes.\r<br />\nI will check what I can do about it and come back to you within the next days.<br />\n",
    "PostedDate": "2014-03-28T13:02:32.45-07:00",
    "UserRole": null,
    "MarkedAsAnswerDate": null
  },
  {
    "Id": "1227992",
    "ThreadId": "540469",
    "Html": "Thanks,  the compiler generated code shows up when you load the .coverage file in visual studio and count towards total coverage. The list of methods match between the report and the .coverage file when the where clause is removed. \r<br />\n<br />\nI also noticed when I load my .coverage file into visual studio the lines covered and not covered and the percentage are not the same as the report generated.  They are a bit off in the report.<br />\n\r<br />\nThanks<br />\n",
    "PostedDate": "2014-03-28T14:10:33.14-07:00",
    "UserRole": null,
    "MarkedAsAnswerDate": null
  },
  {
    "Id": "1229007",
    "ThreadId": "540469",
    "Html": "Could you please post a minimum code sample which helps me tor reproduce the issue.\r<br />\n<br />\nI just tried with the following class:<br />\n<pre><code>    class GenericClass&lt;T&gt;\n    {\n        public void Process(T input)\n        {\n            Console.WriteLine(input.ToString());\n        }\n    }</code></pre>\n\nThis has the name <strong>GenericClass`1</strong> in the coverage file and shows up correctly in the report.\r<br />\nWhat's different in your code base?\r<br />\n<br />\n<br />\nRegarding different coverage results:\r<br />\nThe Visual Studio coverage is a little bit different. It distinguishes between <em>Covered</em>, <em>Partial Covered</em> and <em>Not Covered</em>.\r<br />\nThat may cause (slightly) different results.<br />\n",
    "PostedDate": "2014-04-01T06:30:49.353-07:00",
    "UserRole": null,
    "MarkedAsAnswerDate": null
  },
  {
    "Id": "1229439",
    "ThreadId": "540469",
    "Html": "Here is an example of a class that doesn't show up in the report. <br />\n<pre><code>public abstract class SomeClass&lt;TModel, TState&gt; : ISomeClassInterface&lt;TModel, TState&gt; \nwhere TModel : SomeModel\nwhere TState : IState\n\npublic abstract bool Process(ISomeObjectInterface&lt;TModel, TState&gt; someObject);\n\npublic virtual bool PostProcess(ISomeObjectInterface&lt;TModel, TState&gt; someObject)\n{\n     return true;\n}\n</code></pre>\n\nIf you then create a class that inherits from this abstract class and then cover the methods, the assembly shows up in the report, but the class doesn't.\r<br />\n<br />\nI would also like to see the compiler generated methods in the report since I see them when I load the .coverage file into VS.  Can there be a switch for this?\r<br />\n<br />\nThanks<br />\n",
    "PostedDate": "2014-04-02T05:56:05.213-07:00",
    "UserRole": null,
    "MarkedAsAnswerDate": null
  },
  {
    "Id": "1229464",
    "ThreadId": "540469",
    "Html": "I'm sorry but I can't reproduce the issue. When I add a class deriving from SomeClass both classes (SomeClass and DerivedClass) show up in the report.\r<br />\n<br />\nCould you provide a sample project which I can use to reproduce the issue?\r<br />\n<br />\nTo you have a sample for &quot;compiler generated methods&quot; as well? Perhaps a sample class or a screenshot may help me to understand what you mean.\r<br />\n<br />\nThanks in advance<br />\n",
    "PostedDate": "2014-04-02T06:45:05.207-07:00",
    "UserRole": null,
    "MarkedAsAnswerDate": null
  },
  {
    "Id": "1232960",
    "ThreadId": "540469",
    "Html": "I really would like to fix this in the next release.\r<br />\nCould you please provide a full sample project which I can use to reproduce the issue (one class that triggers the error would be enough)?\r<br />\n<br />\nWould be great if you could help.<br />\n",
    "PostedDate": "2014-04-10T13:07:56.003-07:00",
    "UserRole": null,
    "MarkedAsAnswerDate": null
  },
  {
    "Id": "1234418",
    "ThreadId": "540469",
    "Html": "Thanks for your help. I was able to reproduce the issue. It's fixed and it would be great if you could test the new beta release:<br />\n<a href=\"https://www.nuget.org/packages/ReportGenerator/2.0.0-beta4\" rel=\"nofollow\">https://www.nuget.org/packages/ReportGenerator/2.0.0-beta4</a><br />\n<br />\nFixed in changeset #74910<br />\n",
    "PostedDate": "2014-04-15T11:15:49.407-07:00",
    "UserRole": null,
    "MarkedAsAnswerDate": null
  }
]