[
  {
    "Id": "1081354",
    "ThreadId": "453606",
    "Html": "Hi,\r<br />\n<br />\nI am passing XML file from chutzpah junit option to reportgenerator to generator report.\r<br />\n<br />\nbelow outputs:\r<br />\nC:\\Tools\\ReportGenerator_1.9.0.0\\bin&gt;ReportGenerator.exe &quot;-reports:C:\\OutputDirectory\\Junit.xml&quot; &quot;-targetdir:C:\\OutputDirectory&quot; -reporttypes:Html\r<br />\nLoading report 'C:\\OutputDirectory\\Junit.xml'\r<br />\nAnalyzing 0 classes\r<br />\n Creating summary\r<br />\nReport generation took 0 seconds\r<br />\n<br />\nits not given proper output as expected.\r<br />\n<br />\nPlease let me know how i can proceed with reportgenerator.<br />\n",
    "PostedDate": "2013-08-16T07:08:28.46-07:00",
    "UserRole": null,
    "MarkedAsAnswerDate": null
  },
  {
    "Id": "1081374",
    "ThreadId": "453606",
    "Html": "Hi,\r<br />\n<br />\nyou can't process Junit reports with ReportGenerator. ReportGenerator is not intended to create reports from unit test reports but to generate reports from coverage files generated by OpenCover.\r<br />\nSince you are using JUnit you could use Cobertura or Emma: <a href=\"http://stackoverflow.com/questions/1518362/code-coverage-tools-in-java\" rel=\"nofollow\">http://stackoverflow.com/questions/1518362/code-coverage-tools-in-java</a><br />\n",
    "PostedDate": "2013-08-16T07:37:54.41-07:00",
    "UserRole": null,
    "MarkedAsAnswerDate": null
  },
  {
    "Id": "1082095",
    "ThreadId": "453606",
    "Html": "i want to generate report using reportgenerater for javascript in side dotnet solution?<br />\n<br />\nplease let me know is it possible with it?<br />\n",
    "PostedDate": "2013-08-19T04:19:25.26-07:00",
    "UserRole": null,
    "MarkedAsAnswerDate": null
  },
  {
    "Id": "1082100",
    "ThreadId": "453606",
    "Html": "You could use <a href=\"https://chutzpah.codeplex.com\" rel=\"nofollow\">https://chutzpah.codeplex.com</a>. This tool executes JavaScript tests and collects coverage information.<br />\nSee <a href=\"http://matthewmanela.com/blog/chutzpah-2-4-code-coverage-is-a-go\" rel=\"nofollow\">http://matthewmanela.com/blog/chutzpah-2-4-code-coverage-is-a-go</a> for details, the tool already generates a HTML coverage report.<br />\n",
    "PostedDate": "2013-08-19T04:26:40.14-07:00",
    "UserRole": null,
    "MarkedAsAnswerDate": null
  }
]