[
  {
    "Id": "924568",
    "ThreadId": "398788",
    "Html": "\r\n<p>Hi,</p>\r\n<p>I'm looking to integrate OpenCover into a Jenkins-driven .NET build. I currently have configured the html reports to be merged into the output, but Jenkins offers much tighter integration for tools producing a Cobertura format coverage file. Did anyone perhaps\r\n look into adding this output format support to ReportGenerator?</p>\r\n<p>links:</p>\r\n<p>1. https://wiki.jenkins-ci.org/display/JENKINS/Cobertura&#43;Plugin</p>\r\n<p>2. http://cobertura.sourceforge.net/</p>\r\n",
    "PostedDate": "2012-10-10T02:54:34.853-07:00",
    "UserRole": null,
    "MarkedAsAnswerDate": null
  },
  {
    "Id": "924578",
    "ThreadId": "398788",
    "Html": "<p>Can you provide me a sample report in the desired Cobertura format?</p>\r\n<p>Then I can have a look and decide whether it is possible to generate such a report.</p>",
    "PostedDate": "2012-10-10T03:22:12.96-07:00",
    "UserRole": null,
    "MarkedAsAnswerDate": null
  },
  {
    "Id": "924675",
    "ThreadId": "398788",
    "Html": "<p>cobertura.xml from Cobertura own test drive (failed unit tests for some reason, but file should be a good enough sample): http://sdrv.ms/TgqyGq (skydrive, permanent link).</p>\r\n<p>Syntax itself comes from http://cobertura.svn.sourceforge.net/viewvc/cobertura/trunk/cobertura/src/net/sourceforge/cobertura/reporting/xml/XMLReport.java?revision=794&amp;view=markup and there's a DTD available as well (linked from XML header).</p>",
    "PostedDate": "2012-10-10T06:51:01.477-07:00",
    "UserRole": null,
    "MarkedAsAnswerDate": null
  },
  {
    "Id": "924863",
    "ThreadId": "398788",
    "Html": "<p>I will have a look at the format within the next days and then I will decide what I can do about it.</p>",
    "PostedDate": "2012-10-10T12:08:50.533-07:00",
    "UserRole": null,
    "MarkedAsAnswerDate": null
  },
  {
    "Id": "929296",
    "ThreadId": "398788",
    "Html": "<p>I just took a closer look at the cobertura report you provided.</p>\r\n<p>It is not possible to generate this report format with ReportGenerator. ReportGenerator uses the coverage report to collect assemblies, classes and the corresponding files. Then it reads the files and generates a report with the coverage of each line.</p>\r\n<p>The Cobertura report is similar to an OpenCover report. It has the same structure. So it could be possible to write a converter. When I find time, I will try to do this and let you know about it.</p>",
    "PostedDate": "2012-10-19T03:28:03.207-07:00",
    "UserRole": null,
    "MarkedAsAnswerDate": null
  },
  {
    "Id": "929884",
    "ThreadId": "398788",
    "Html": "<p>I created a tool that does the conversion:&nbsp;<a href=\"https://github.com/danielpalme/OpenCoverToCoberturaConverter\">https://github.com/danielpalme/OpenCoverToCoberturaConverter</a></p>\r\n<p>Let me know if this works for you, or if you have any issues.</p>",
    "PostedDate": "2012-10-20T14:59:52.477-07:00",
    "UserRole": null,
    "MarkedAsAnswerDate": null
  },
  {
    "Id": "929885",
    "ThreadId": "398788",
    "Html": "<p>You're amazing! (and I feel bad for not writing this myself) I'll have a go at it on Monday, will post back how well it worked (we have quite a large codebase, 550k LOC).</p>",
    "PostedDate": "2012-10-20T15:05:46.067-07:00",
    "UserRole": null,
    "MarkedAsAnswerDate": null
  },
  {
    "Id": "1085204",
    "ThreadId": "398788",
    "Html": "Hi Daniel,\r<br />\n<br />\nI am planning to use the Cobertura plugin in Jenkins to see coverage trends, right now I am using Reportgenerator to generate html type reports from open cover coverage results. I would like to know whether Report generator supports a way to merge the open cover results of multiple sessions into a single consolidated xml so that I can provide that as an input to OpenCoverToCoberturaConverter.\r<br />\n<br />\nThanks,\r<br />\nCharles<br />\n",
    "PostedDate": "2013-08-26T21:51:38.777-07:00",
    "UserRole": null,
    "MarkedAsAnswerDate": null
  },
  {
    "Id": "1085255",
    "ThreadId": "398788",
    "Html": "Hi Charles,\r<br />\n<br />\nReportGenerator is able to use several OpenCover files as input. But it does <strong>not</strong> merge those reports into one  big OpenCover XML.\r<br />\nInstead it generates one HTML report based on all input files.\r<br />\n<br />\nBut it should be doable to extend OpenCoverToCoberturaConverter to support several input files.<br />\n",
    "PostedDate": "2013-08-27T00:23:06.677-07:00",
    "UserRole": null,
    "MarkedAsAnswerDate": null
  },
  {
    "Id": "1085277",
    "ThreadId": "398788",
    "Html": "Hi Charles,\r<br />\n<br />\ngenerally, merging is not necessary, because Jenkins can deal with multiple input (Cobertura-formatted) files and merge them itself.<br />\n",
    "PostedDate": "2013-08-27T01:06:56.73-07:00",
    "UserRole": null,
    "MarkedAsAnswerDate": null
  },
  {
    "Id": "1204072",
    "ThreadId": "398788",
    "Html": "Hi!\r<br />\n<br />\nFirst of all, let me thank you for the great work - now I'm finally able to see code coverage within Jenkins!\r<br />\n<br />\nHowever, there seems to be an issue with the OpenCoverToCoberturaConverter - seems like conditionals are not handled correctly - within Jenkins code coverage report all conditionals are displayed as N/A and conditionals coverage is 100%.\r<br />\n<br />\nIf I refer to html report generated by ReportGenerator I can see the right values for branch coverage.\r<br />\n<br />\nPlease let me know if you need more info.\r<br />\n<br />\nThanks,\r<br />\n Boris<br />\n",
    "PostedDate": "2014-02-07T00:05:22.293-08:00",
    "UserRole": null,
    "MarkedAsAnswerDate": null
  },
  {
    "Id": "1204159",
    "ThreadId": "398788",
    "Html": "Hi Boris,\r<br />\n<br />\nI'm sorry, but without any details I can only guess what OpenCoverToCoberturaConverter does wrong.\r<br />\nOpenCoverToCoberturaConverter is not perfect, I remember that that there were some edge cases which can't be supported (due to missing information in the Coberture report).\r<br />\nBut if you can provide a concrete (minimal) sample report and the corresponding source code, I can have a look at the problem.\r<br />\nSome explanations/screenshots showing what's wrong would help too.\r<br />\nOr even better: You can try to fix it yourself and then send me a pull request for OpenCoverToCoberturaConverter.\r<br />\n<br />\nCheers, Daniel<br />\n",
    "PostedDate": "2014-02-07T02:39:08.217-08:00",
    "UserRole": null,
    "MarkedAsAnswerDate": null
  },
  {
    "Id": "1205917",
    "ThreadId": "398788",
    "Html": "Just took a quick look at the code and I believe that the OpenCoverToCoberturaConverter is not producing &lt;conditions&gt; tags, i.e.:<br />\n<pre><code>...\n&lt;line number=&quot;23&quot; hits=&quot;9&quot; branch=&quot;true&quot; condition-coverage=&quot;50% (1/2)&quot;&gt;\n  &lt;conditions&gt;\n    &lt;condition number=&quot;0&quot; type=&quot;jump&quot; coverage=&quot;50%&quot;/&gt;\n  &lt;/conditions&gt;\n&lt;/line&gt;\n...</code></pre>\n\nabove sample was taken from <a href=\"https://raw.github.com/jenkinsci/cobertura-plugin/master/src/test/resources/hudson/plugins/cobertura/coverage-with-data.xml\" rel=\"nofollow\">https://raw.github.com/jenkinsci/cobertura-plugin/master/src/test/resources/hudson/plugins/cobertura/coverage-with-data.xml</a>\r<br />\n<br />\nOpenCoverToCoberturaConverter always produces branch=&quot;false&quot; and no conditions (at least the version on Git).\r<br />\n<br />\nI did try to modify the code, but was confused by the following:<br />\n<pre><code>&lt;Method visited=&quot;true&quot; cyclomaticComplexity=&quot;2&quot; sequenceCoverage=&quot;100&quot; branchCoverage=&quot;66.67&quot; isConstructor=&quot;false&quot; isStatic=&quot;false&quot; isGetter=&quot;false&quot; isSetter=&quot;false&quot;&gt;\n  &lt;Summary numSequencePoints=&quot;6&quot; visitedSequencePoints=&quot;6&quot; numBranchPoints=&quot;3&quot; visitedBranchPoints=&quot;2&quot; sequenceCoverage=&quot;100&quot; branchCoverage=&quot;66.67&quot; maxCyclomaticComplexity=&quot;2&quot; minCyclomaticComplexity=&quot;2&quot; /&gt;\n  &lt;MetadataToken&gt;100663341&lt;/MetadataToken&gt;\n  &lt;Name&gt;System.Void SomeClass::Dispose()&lt;/Name&gt;\n  &lt;FileRef uid=&quot;20&quot; /&gt;\n  &lt;SequencePoints&gt;\n    &lt;SequencePoint vc=&quot;3&quot; uspid=&quot;437&quot; ordinal=&quot;0&quot; offset=&quot;0&quot; sl=&quot;21&quot; sc=&quot;9&quot; el=&quot;21&quot; ec=&quot;10&quot; /&gt;\n    &lt;SequencePoint vc=&quot;3&quot; uspid=&quot;438&quot; ordinal=&quot;1&quot; offset=&quot;1&quot; sl=&quot;22&quot; sc=&quot;13&quot; el=&quot;22&quot; ec=&quot;51&quot; /&gt;\n    &lt;SequencePoint vc=&quot;3&quot; uspid=&quot;439&quot; ordinal=&quot;2&quot; offset=&quot;13&quot; sl=&quot;23&quot; sc=&quot;13&quot; el=&quot;23&quot; ec=&quot;36&quot; /&gt;\n    &lt;SequencePoint vc=&quot;3&quot; uspid=&quot;440&quot; ordinal=&quot;3&quot; offset=&quot;21&quot; sl=&quot;24&quot; sc=&quot;17&quot; el=&quot;24&quot; ec=&quot;38&quot; /&gt;\n    &lt;SequencePoint vc=&quot;3&quot; uspid=&quot;441&quot; ordinal=&quot;4&quot; offset=&quot;28&quot; sl=&quot;26&quot; sc=&quot;13&quot; el=&quot;26&quot; ec=&quot;26&quot; /&gt;\n    &lt;SequencePoint vc=&quot;3&quot; uspid=&quot;442&quot; ordinal=&quot;5&quot; offset=&quot;35&quot; sl=&quot;27&quot; sc=&quot;9&quot; el=&quot;27&quot; ec=&quot;10&quot; /&gt;\n  &lt;/SequencePoints&gt;\n  &lt;BranchPoints&gt;\n    &lt;BranchPoint vc=&quot;3&quot; uspid=&quot;443&quot; ordinal=&quot;0&quot; offset=&quot;19&quot; path=&quot;0&quot; /&gt;\n    &lt;BranchPoint vc=&quot;0&quot; uspid=&quot;444&quot; ordinal=&quot;1&quot; offset=&quot;19&quot; path=&quot;1&quot; /&gt;\n  &lt;/BranchPoints&gt;\n  &lt;MethodPoint xsi:type=&quot;SequencePoint&quot; vc=&quot;3&quot; uspid=&quot;437&quot; ordinal=&quot;0&quot; offset=&quot;0&quot; sl=&quot;21&quot; sc=&quot;9&quot; el=&quot;21&quot; ec=&quot;10&quot; /&gt;\n&lt;/Method&gt;</code></pre>\n\ncode:<br />\n<pre><code>public void Dispose()\n{\n  var disposable = value as IDisposable;\n  if (disposable != null)  // line number 23\n    disposable.Dispose();\n\n  value = null;\n}</code></pre>\n\nHow can one know that<br />\n<pre><code>    &lt;BranchPoint vc=&quot;3&quot; uspid=&quot;443&quot; ordinal=&quot;0&quot; offset=&quot;19&quot; path=&quot;0&quot; /&gt;\n    &lt;BranchPoint vc=&quot;0&quot; uspid=&quot;444&quot; ordinal=&quot;1&quot; offset=&quot;19&quot; path=&quot;1&quot; /&gt;</code></pre>\n\nrefer to line 23?\r<br />\n<br />\nPlease note I'm a total noob, I only wanted to see code coverage in Jenkins :)\r<br />\n<br />\nThanks,\r<br />\n Boris<br />\n",
    "PostedDate": "2014-02-09T12:34:43.593-08:00",
    "UserRole": null,
    "MarkedAsAnswerDate": null
  },
  {
    "Id": "1206306",
    "ThreadId": "398788",
    "Html": "Hi Boris, \r<br />\n<br />\nthere is no way to know which BranchPoint corresponds to which line.\r<br />\nThis is the reason why OpenCoverToCoberturaConverter is not producing &lt;conditions&gt; tags.\r<br />\n<br />\nCheers, Daniel<br />\n",
    "PostedDate": "2014-02-10T05:03:49.01-08:00",
    "UserRole": null,
    "MarkedAsAnswerDate": null
  },
  {
    "Id": "1237308",
    "ThreadId": "398788",
    "Html": "This converter is a great tool to have - thanks Daniel!\r<br />\n<br />\nWould you consider making it available as a tool within NuGet, in the same way as the main ReportGenerator?<br />\n",
    "PostedDate": "2014-04-23T16:22:03.27-07:00",
    "UserRole": null,
    "MarkedAsAnswerDate": null
  },
  {
    "Id": "1237558",
    "ThreadId": "398788",
    "Html": "Please have a look here: <a href=\"https://www.nuget.org/packages/OpenCoverToCoberturaConverter\" rel=\"nofollow\">https://www.nuget.org/packages/OpenCoverToCoberturaConverter</a><br />\n",
    "PostedDate": "2014-04-24T07:28:01.207-07:00",
    "UserRole": null,
    "MarkedAsAnswerDate": null
  },
  {
    "Id": "1237756",
    "ThreadId": "398788",
    "Html": "Excellent! Thanks Daniel :)<br />\n",
    "PostedDate": "2014-04-24T14:19:26.187-07:00",
    "UserRole": null,
    "MarkedAsAnswerDate": null
  },
  {
    "Id": "1297666",
    "ThreadId": "398788",
    "Html": "Hi,\r<br />\n<br />\nCan you please brief the steps for integration with Jenkins. Like Which plugin are you using... ?? or VS settings to generate open cover reports etc.\r<br />\n<br />\nCurrently I am using Command line for Open Cover and Generating Xml file and \r<br />\nthen in next command line calling ReportGenerator exe. and then publishing it.\r<br />\n<br />\nHow  OpenCoverToCoberturaConverter  plugin make this task easier ??\r<br />\n<br />\nThanks\r<br />\nArpit Nagar<br />\n",
    "PostedDate": "2014-09-01T02:34:25.3-07:00",
    "UserRole": null,
    "MarkedAsAnswerDate": null
  },
  {
    "Id": "1309613",
    "ThreadId": "398788",
    "Html": "@danielpalme, @crnjan - I contacted the developer of OpenCover and there is a release that adds the line number (sl) in the branch points. Here is the reply.<br />\n<br />\n<a href=\"https://github.com/sawilde/opencover/blob/master/ReleaseNotes.tmp\" rel=\"nofollow\">https://github.com/sawilde/opencover/blob/master/ReleaseNotes.tmp</a><br />\nmolnagab did work on just that and as I understand it, it us also supported by ReportGenerator. <a href=\"https://github.com/OpenCover/opencover/pull/208\" rel=\"nofollow\">https://github.com/OpenCover/opencover/pull/208</a><br />\n<pre><code>...&lt;BranchPoints&gt;\n    &lt;BranchPoint vc=&quot;0&quot; uspid=&quot;84&quot; ordinal=&quot;0&quot; offset=&quot;34&quot; sl=&quot;17&quot; path=&quot;0&quot; offsetchain=&quot;&quot; offsetend=&quot;36&quot; /&gt;</code></pre>\n\nCheers<br />\n<br />\nEdited:<br />\nI sent a pull request with my changes that inserts the branch coverage on each class and method lines that contains a branch=true.<br />\n<pre><code>&lt;line number=&quot;13&quot; hits=&quot;3&quot; branch=&quot;true&quot; condition-coverage=&quot;50% (1/2)&quot; /&gt;</code></pre>\n\n",
    "PostedDate": "2014-10-01T09:21:17.497-07:00",
    "UserRole": null,
    "MarkedAsAnswerDate": null
  },
  {
    "Id": "1430998",
    "ThreadId": "398788",
    "Html": "<strong>danielpalme wrote:</strong><br />\n<blockquote>\nCan you provide me a sample report in the desired Cobertura format? Then I can have a look and decide whether it is possible to generate such a report.<br />\n</blockquote>\nHow can I convert from  html report to cobertura.xml report format ?  Because I wanted code coverage reports in Jenkins and I have a report that is html format.<br />\n",
    "PostedDate": "2015-06-19T00:56:10.55-07:00",
    "UserRole": null,
    "MarkedAsAnswerDate": null
  },
  {
    "Id": "1431079",
    "ThreadId": "398788",
    "Html": "Sorry. Thats mit possible. It should be possible to integrale the HTML report into Jenkins\r<br />\n<a href=\"https://wiki.jenkins-ci.org/display/JENKINS/HTML+Publisher+Plugin\" rel=\"nofollow\">https://wiki.jenkins-ci.org/display/JENKINS/HTML+Publisher+Plugin</a><br />\n",
    "PostedDate": "2015-06-19T12:27:00.717-07:00",
    "UserRole": null,
    "MarkedAsAnswerDate": null
  },
  {
    "Id": "1431301",
    "ThreadId": "398788",
    "Html": "<strong>danielpalme wrote:</strong><br />\n<blockquote>\nSorry. Thats mit possible. It should be possible to integrale the HTML report into Jenkins<br />\n<a href=\"https://wiki.jenkins-ci.org/display/JENKINS/HTML+Publisher+Plugin\" rel=\"nofollow\">https://wiki.jenkins-ci.org/display/JENKINS/HTML+Publisher+Plugin</a><br />\n</blockquote>\nBut I want to see this raport in jenkins with graphical form ?(by using percentage in the report)<br />\n",
    "PostedDate": "2015-06-22T00:35:28.457-07:00",
    "UserRole": null,
    "MarkedAsAnswerDate": null
  },
  {
    "Id": "1431324",
    "ThreadId": "398788",
    "Html": "I'm sorry, but I don't understand what you want to achieve.\r<br />\n<br />\nYou can convert an OpenCover XML to Cobertura with this tool:\r<br />\n<a href=\"https://github.com/danielpalme/OpenCoverToCoberturaConverter\" rel=\"nofollow\">https://github.com/danielpalme/OpenCoverToCoberturaConverter</a>\r<br />\n<a href=\"http://www.nuget.org/packages/OpenCoverToCoberturaConverter\" rel=\"nofollow\">http://www.nuget.org/packages/OpenCoverToCoberturaConverter</a><br />\n",
    "PostedDate": "2015-06-22T04:26:48.303-07:00",
    "UserRole": null,
    "MarkedAsAnswerDate": null
  },
  {
    "Id": "1435505",
    "ThreadId": "398788",
    "Html": "I can't access remote locations from Jenkins, while it works OK in Windows cmd. I am giving the access denied error. Can you help me?<br />\n",
    "PostedDate": "2015-07-22T04:15:22.217-07:00",
    "UserRole": null,
    "MarkedAsAnswerDate": null
  }
]