[
  {
    "Id": "915177",
    "ThreadId": "396250",
    "Html": "\r\n<p>I have recompiled the code to start the assembles collapsed for the HTMLRenderer</p>\r\n<p>Body tag looks like this in code:</p>\r\n<pre style=\"font-family:Consolas; font-size:13; color:black; background:white\"><span style=\"color:#a31515\">&lt;body&nbsp;onload=&quot;&quot;toggleAssemblyDetails()&quot;&quot;&gt;</span>\r\n</pre>\r\n<p>&nbsp;</p>\r\n",
    "PostedDate": "2012-09-20T07:00:32.77-07:00",
    "UserRole": null,
    "MarkedAsAnswerDate": null
  },
  {
    "Id": "915598",
    "ThreadId": "396250",
    "Html": "<p>This feature is a matter of taste.&nbsp;If I change this, somebody else may complain that he wants to see all details.</p>\r\n<p>I think I will leave it as it is right now. So unfortunately you have to click \"Collapse all assemblies\", otherwise somebody else has to click \"Expand all assemblies\".</p>",
    "PostedDate": "2012-09-21T02:27:33.683-07:00",
    "UserRole": null,
    "MarkedAsAnswerDate": null
  }
]