[
  {
    "Id": "287983",
    "Title": "Branch Coverage",
    "LatestDate": "2012-01-31T09:22:22.653-08:00"
  },
  {
    "Id": "350732",
    "Title": "Hide none covered assemblies",
    "LatestDate": "2012-04-01T11:44:39.703-07:00"
  },
  {
    "Id": "355621",
    "Title": "Verbosity switch?",
    "LatestDate": "2012-05-28T01:57:57.35-07:00"
  },
  {
    "Id": "355778",
    "Title": "Cheers!",
    "LatestDate": "2012-05-14T18:33:50.133-07:00"
  },
  {
    "Id": "358843",
    "Title": "Unable to generate a report",
    "LatestDate": "2012-06-08T03:42:52.317-07:00"
  },
  {
    "Id": "361181",
    "Title": "Ignore Generated Files?",
    "LatestDate": "2012-06-27T13:45:09.327-07:00"
  },
  {
    "Id": "392052",
    "Title": "Add another XML input format",
    "LatestDate": "2012-09-03T00:24:43.52-07:00"
  },
  {
    "Id": "393812",
    "Title": "Can i merge reports and form a third report with report generator?",
    "LatestDate": "2014-10-08T01:14:41.647-07:00"
  },
  {
    "Id": "395267",
    "Title": "Collated Branch coverage and functional coverage ",
    "LatestDate": "2014-09-19T13:05:55.623-07:00"
  },
  {
    "Id": "395385",
    "Title": "ReportGenerator not exclude the method that are excluded by NCover",
    "LatestDate": "2012-09-13T02:39:03.997-07:00"
  },
  {
    "Id": "396237",
    "Title": "Feature Request: Option to sort by coverage (Up or down)",
    "LatestDate": "2012-09-21T02:42:47.787-07:00"
  },
  {
    "Id": "396250",
    "Title": "Feature Request: Option (Or by default if lots of info) for the Assemblies to start collapsed in html",
    "LatestDate": "2012-09-21T02:27:33.683-07:00"
  },
  {
    "Id": "396261",
    "Title": "Feature Request: make the percentages 2 digits by default",
    "LatestDate": "2012-09-21T02:55:26.67-07:00"
  },
  {
    "Id": "398788",
    "Title": "Cobertura-compatible XML output format for Jenkins integration",
    "LatestDate": "2015-07-22T04:15:22.217-07:00"
  },
  {
    "Id": "398789",
    "Title": "Merged Reports from different .pdbs",
    "LatestDate": "2012-10-10T23:38:26.04-07:00"
  },
  {
    "Id": "399919",
    "Title": "UNC Paths",
    "LatestDate": "2012-10-19T04:58:42.503-07:00"
  },
  {
    "Id": "430454",
    "Title": "Filters command",
    "LatestDate": "2013-01-23T02:38:11.233-08:00"
  },
  {
    "Id": "437359",
    "Title": "Coverage differs from VS2010 analysis",
    "LatestDate": "2013-03-22T02:32:42.51-07:00"
  },
  {
    "Id": "447028",
    "Title": "Feature Request: Support Xml input from Dynamic Code Coverage - CodeCoverage.exe",
    "LatestDate": "2013-06-21T05:33:57.17-07:00"
  },
  {
    "Id": "448837",
    "Title": "Parsing output from vstest.console.exe command line tool",
    "LatestDate": "2013-07-09T00:00:13.583-07:00"
  },
  {
    "Id": "451437",
    "Title": "ReportGenerator problem with jenkins nant script",
    "LatestDate": "2013-07-26T08:37:58.583-07:00"
  },
  {
    "Id": "453275",
    "Title": "StyleCop,Fxcop and Qunit code coverage using ReportGenerator",
    "LatestDate": "2013-08-13T06:56:41.213-07:00"
  },
  {
    "Id": "453606",
    "Title": "Chutzpah Junit xml file ",
    "LatestDate": "2013-08-19T04:26:40.14-07:00"
  },
  {
    "Id": "540469",
    "Title": "Report Generator Skipping Generics",
    "LatestDate": "2014-04-15T11:15:49.407-07:00"
  },
  {
    "Id": "545331",
    "Title": "xml format",
    "LatestDate": "2014-05-15T03:22:40.643-07:00"
  },
  {
    "Id": "546381",
    "Title": "Function is 100% convered, but your report still shows incompleted lines in source code view",
    "LatestDate": "2014-05-26T06:30:02.713-07:00"
  },
  {
    "Id": "548883",
    "Title": "Cumulative codecoverage",
    "LatestDate": "2014-06-17T05:11:03.877-07:00"
  },
  {
    "Id": "549025",
    "Title": "different coverage report from VS 2012",
    "LatestDate": "2014-06-22T23:13:06.873-07:00"
  },
  {
    "Id": "549378",
    "Title": "Report Generator issue for LINQ commands",
    "LatestDate": "2014-06-23T05:02:28.7-07:00"
  },
  {
    "Id": "549821",
    "Title": "Feedback on beta 5",
    "LatestDate": "2014-08-06T13:04:24.96-07:00"
  },
  {
    "Id": "560631",
    "Title": "Problems generating report",
    "LatestDate": "2014-08-11T00:52:11.487-07:00"
  },
  {
    "Id": "570461",
    "Title": "No clickthrough in Html Summary (v2.0)",
    "LatestDate": "2014-10-23T06:44:08.137-07:00"
  },
  {
    "Id": "570536",
    "Title": "Suggestion to improve \"X of Y branches are covered\"",
    "LatestDate": "2015-01-12T14:52:48.163-08:00"
  },
  {
    "Id": "574708",
    "Title": "Generated reports not viewable in IE 10",
    "LatestDate": "2014-12-30T09:55:18.203-08:00"
  },
  {
    "Id": "574768",
    "Title": "Ability to generate report with High Cyclomatic Complexity",
    "LatestDate": "2015-03-16T06:06:53.15-07:00"
  },
  {
    "Id": "576513",
    "Title": "Possible issue with your zip deployment",
    "LatestDate": "2015-01-06T02:16:54.7-08:00"
  }
]