[
  {
    "Id": "915134",
    "ThreadId": "396237",
    "Html": "\r\n<p>Currently the report generated sorts by assembly name.</p>\r\n<p>It would be nice to have an option to sort by the coverage numbers instead, and then to either ascend or descend on those numbers.</p>\r\n",
    "PostedDate": "2012-09-20T05:35:09.087-07:00",
    "UserRole": null,
    "MarkedAsAnswerDate": null
  },
  {
    "Id": "915604",
    "ThreadId": "396237",
    "Html": "<p>There are two possible ways of implementing this features:</p>\r\n<p>1) Extract name, coverage etc from HTML markup -&gt;Sort data -&gt; Regenerate HTML</p>\r\n<p>2) Generate some JSON data during report generation -&gt; Generate dynamic HTML based on filters/sort options (perhaps by using angular.js or knockout.js)</p>\r\n<p>First approach is harder to implement/maintain, because it requires some ugly JavaScript. Second approach has the disadvantage that the generated HTML is not \"complete\" and requires JavaScript rendering.</p>\r\n<p>Not sure which way to go, yet.</p>",
    "PostedDate": "2012-09-21T02:42:47.787-07:00",
    "UserRole": null,
    "MarkedAsAnswerDate": null
  }
]