{
  "WorkItem": {
    "AffectedComponent": {
      "Name": "",
      "DisplayName": ""
    },
    "ClosedComment": "Fixed in changeset 65111.",
    "ClosedDate": "2012-01-29T04:02:54.697-08:00",
    "CommentCount": 0,
    "Custom": null,
    "Description": "Here the complete output:\n================\nLoading report 'C:\\Projects\\parallel-tasks-simulator\\NUnitTestCoverage.xml'\n Initiating parser for OpenCover\n  Current Assembly: Lua4Net\n  Current Assembly: ParallelTasksSimulator.Core.Tests\n  Current Assembly: Lua4Net.Tests\n  Current Assembly: ParallelTasksSimulator.Core\n  Current Assembly: ParallelTasksSimulator.GtkUI.Tests\n \nUnhandled Exception: System.AggregateException: One or more errors occurred. ---> System.ArgumentException: An item with the same key has already been\n added.\n   at System.Collections.Generic.Dictionary`2.Insert(TKey key, TValue value, Boolean add)\n   at System.Linq.Enumerable.ToDictionary[TSource,TKey,TElement](IEnumerable`1 source, Func`2 keySelector, Func`2 elementSelector, IEqualityComparer`1\n comparer)\n   at Palmmedia.ReportGenerator.Parser.OpenCoverParser.<>c__DisplayClass10.<.ctor>b__4(String assembly)\n   at System.Threading.Tasks.Parallel.<>c__DisplayClassf`1.<ForWorker>b__c()\n   at System.Threading.Tasks.Task.InnerInvokeWithArg(Task childTask)\n   at System.Threading.Tasks.Task.<>c__DisplayClass7.<ExecuteSelfReplicating>b__6(Object )\n   --- End of inner exception stack trace ---\n   at System.Threading.Tasks.Task.Wait(Int32 millisecondsTimeout, CancellationToken cancellationToken)\n   at System.Threading.Tasks.Task.Wait()\n   at System.Threading.Tasks.Parallel.ForWorker[TLocal](Int32 fromInclusive, Int32 toExclusive, ParallelOptions parallelOptions, Action`1 body, Action\n`2 bodyWithState, Func`4 bodyWithLocal, Func`1 localInit, Action`1 localFinally)\n   at System.Threading.Tasks.Parallel.ForEachWorker[TSource,TLocal](IEnumerable`1 source, ParallelOptions parallelOptions, Action`1 body, Action`2 bod\nyWithState, Action`3 bodyWithStateAndIndex, Func`4 bodyWithStateAndLocal, Func`5 bodyWithEverything, Func`1 localInit, Action`1 localFinally)\n   at System.Threading.Tasks.Parallel.ForEach[TSource](IEnumerable`1 source, Action`1 body)\n   at Palmmedia.ReportGenerator.Parser.OpenCoverParser..ctor(XContainer report)\n   at Palmmedia.ReportGenerator.Parser.ParserFactory.GetParsersOfFile(String reportFile)\n   at Palmmedia.ReportGenerator.Parser.ParserFactory.CreateParser(IEnumerable`1 reportFiles)\n   at Palmmedia.ReportGenerator.Program.Main(String[] args)\n \nI used OpenCover version 2.1.25.",
    "LastUpdatedDate": "2013-05-16T02:56:11.337-07:00",
    "PlannedForRelease": "",
    "ReleaseVisibleToPublic": false,
    "Priority": {
      "Name": "Low",
      "Severity": 50,
      "Id": 1
    },
    "ProjectName": "reportgenerator",
    "ReportedDate": "2012-01-26T17:19:16.373-08:00",
    "Status": {
      "Name": "Closed",
      "Id": 4
    },
    "ReasonClosed": {
      "Name": "Unassigned"
    },
    "Summary": "Exception \"An item with the same key has already been  added\" for an Opencover XML input (attached)",
    "Type": {
      "Name": "Issue",
      "Id": 3
    },
    "VoteCount": 1,
    "Id": 9141
  },
  "FileAttachments": [
    {
      "FileId": 2914,
      "FileName": "NUnitTestCoverage.zip",
      "DownloadUrl": ".\\2914"
    }
  ],
  "Comments": [
    {
      "Message": "Thanks for submitting your full report. I will fix this soon.",
      "PostedDate": "2012-01-26T21:52:59.55-08:00",
      "Id": -2147483648
    },
    {
      "Message": "",
      "PostedDate": "2012-01-27T04:10:27.24-08:00",
      "Id": -2147483648
    },
    {
      "Message": "",
      "PostedDate": "2012-01-29T04:02:54.697-08:00",
      "Id": -2147483648
    },
    {
      "Message": "Many thanks!",
      "PostedDate": "2012-01-29T05:49:38.833-08:00",
      "Id": -2147483648
    },
    {
      "Message": "Any updates on this ? I'm also getting the same error",
      "PostedDate": "2012-06-18T05:13:43.777-07:00",
      "Id": -2147483648
    },
    {
      "Message": "@msasikumar:\r\nDo you use the latest version 1.4.1.0?\r\nIf this is the case, please attach your opencover report file, then I can have a look at the problem.",
      "PostedDate": "2012-06-18T05:32:29.543-07:00",
      "Id": -2147483648
    },
    {
      "Message": "",
      "PostedDate": "2013-02-14T13:16:46.787-08:00",
      "Id": -2147483648
    },
    {
      "Message": "",
      "PostedDate": "2013-05-16T02:56:11.337-07:00",
      "Id": -2147483648
    }
  ]
}