{
  "WorkItem": {
    "AffectedComponent": {
      "Name": "",
      "DisplayName": ""
    },
    "ClosedComment": "The issue is fixed in changeset #71760.",
    "ClosedDate": "2013-01-30T12:05:49.76-08:00",
    "CommentCount": 0,
    "Custom": null,
    "Description": "That displays the version information of the application. \n\nIt is useful when needing to quickly check whether it is up to date.",
    "LastUpdatedDate": "2013-05-16T02:56:09.567-07:00",
    "PlannedForRelease": "",
    "ReleaseVisibleToPublic": false,
    "Priority": {
      "Name": "Low",
      "Severity": 50,
      "Id": 1
    },
    "ProjectName": "reportgenerator",
    "ReportedDate": "2013-01-10T02:38:27.817-08:00",
    "Status": {
      "Name": "Closed",
      "Id": 4
    },
    "ReasonClosed": {
      "Name": "Unassigned"
    },
    "Summary": "-Version command line parameter",
    "Type": {
      "Name": "Issue",
      "Id": 3
    },
    "VoteCount": 1,
    "Id": 9833
  },
  "FileAttachments": [],
  "Comments": [
    {
      "Message": "I think about this feature in the next release.\nUntil then you get the version from the Readme.txt, the properties from the ReportGenerator.exe it's in the footer of the HTML report as well.",
      "PostedDate": "2013-01-17T00:09:00.617-08:00",
      "Id": -2147483648
    },
    {
      "Message": "",
      "PostedDate": "2013-01-30T12:05:49.76-08:00",
      "Id": -2147483648
    },
    {
      "Message": "",
      "PostedDate": "2013-02-14T13:16:44.56-08:00",
      "Id": -2147483648
    },
    {
      "Message": "",
      "PostedDate": "2013-05-16T02:56:09.567-07:00",
      "Id": -2147483648
    }
  ]
}