{
  "WorkItem": {
    "AffectedComponent": {
      "Name": "",
      "DisplayName": ""
    },
    "ClosedComment": "I decided not take any action, since some side effects would occur &#40;e.g. extra reports for anonymous delegates&#41;.",
    "ClosedDate": "2011-11-27T10:40:58.997-08:00",
    "CommentCount": 0,
    "Custom": null,
    "Description": "If I have an inner class and put this in a separate source file (using \"partial\" etc).\nThen the inner class from the secound source file is not covered by the code coverage report.\n \nnamespace test\n{\n    public partial class myclass\n    {\n        public class innerclass\n        {\n            //...\n        }\n    }\n}\n \nSee folder for report with one source file (correct) \"TestCodeCoverage\\bin\\Debug\\good\\report\"\nSee folder for report with two source files (false) \"TestCodeCoverage\\bin\\Debug\\report\"\nSource for the report generation is there as well in the respective parent folders.",
    "LastUpdatedDate": "2013-05-16T02:56:12.473-07:00",
    "PlannedForRelease": "",
    "ReleaseVisibleToPublic": false,
    "Priority": {
      "Name": "Low",
      "Severity": 50,
      "Id": 1
    },
    "ProjectName": "reportgenerator",
    "ReportedDate": "2011-11-22T21:03:48.123-08:00",
    "Status": {
      "Name": "Closed",
      "Id": 4
    },
    "ReasonClosed": {
      "Name": "Unassigned"
    },
    "Summary": "Code coverage for inner classes not generated in report if in a different source file",
    "Type": {
      "Name": "Issue",
      "Id": 3
    },
    "VoteCount": 1,
    "Id": 8932
  },
  "FileAttachments": [
    {
      "FileId": 2861,
      "FileName": "TestCodeCoverage.zip",
      "DownloadUrl": ".\\2861"
    }
  ],
  "Comments": [
    {
      "Message": "Thanks for your feedback.\r\n\r\nThe coverage of an inner class is integrated in the report of the outer class. I decided to do this, since inner classes are typically used only within the outer class and no separate report is required.\r\nThe problem is, that the report generated by OpenCover does not contain the information whether a class is also partial.\r\nSo I have to decide whether to always generate a separate report for inner (and partial) classes or to continue using the current implementation.\r\nI think that the current behavior is OK, since partial inner classes are not very common. In my opinion partial classes are only required and useful if one part of the class is generated code (e.g. a designer generated class)",
      "PostedDate": "2011-11-23T00:56:04.84-08:00",
      "Id": -2147483648
    },
    {
      "Message": "It seems the report lists which file is used for a certain function. So many that is useful for doing it.",
      "PostedDate": "2011-11-23T17:29:32.77-08:00",
      "Id": -2147483648
    },
    {
      "Message": "Getting the file is not a problem.\r\nIn the summary report (index.htm) inner classes are ignored since their coverage is included in the outer class.\r\nThis approach does not work for inner partial classes in a separate file.\r\nI don't think that it's worth the effort, because I think partial inner classes don't make much sense. ",
      "PostedDate": "2011-11-24T07:26:10.98-08:00",
      "Id": -2147483648
    },
    {
      "Message": "",
      "PostedDate": "2011-11-27T10:40:58.997-08:00",
      "Id": -2147483648
    },
    {
      "Message": "Looks like I'll just need to convert my inner classes to normal private classes.",
      "PostedDate": "2011-11-29T15:21:10.473-08:00",
      "Id": -2147483648
    },
    {
      "Message": "",
      "PostedDate": "2013-02-14T13:16:48.093-08:00",
      "Id": -2147483648
    },
    {
      "Message": "",
      "PostedDate": "2013-05-16T02:56:12.473-07:00",
      "Id": -2147483648
    }
  ]
}