{
  "WorkItem": {
    "AffectedComponent": {
      "Name": "",
      "DisplayName": ""
    },
    "ClosedComment": "",
    "ClosedDate": "2011-09-01T03:17:41.203-07:00",
    "CommentCount": 0,
    "Custom": null,
    "Description": "Hi, we're using ReportGenerator and OpenCover in our distributed Jenkins based CI system.\n \nSometimes when a project is built on one node and tested on another the report generation fails because the source files are no longer in the same physical directory structure.\n \nIs there any way to supply a different base directory or to use relative paths?\nI'll raise this on OpenCover as well in case its related\n \nThanks",
    "LastUpdatedDate": "2013-05-16T02:56:12.91-07:00",
    "PlannedForRelease": "",
    "ReleaseVisibleToPublic": false,
    "Priority": {
      "Name": "Low",
      "Severity": 50,
      "Id": 1
    },
    "ProjectName": "reportgenerator",
    "ReportedDate": "2011-08-31T10:53:39.63-07:00",
    "Status": {
      "Name": "Closed",
      "Id": 4
    },
    "ReasonClosed": {
      "Name": "Unassigned"
    },
    "Summary": "Reports fail when source files moved",
    "Type": {
      "Name": "Issue",
      "Id": 3
    },
    "VoteCount": 1,
    "Id": 8654
  },
  "FileAttachments": [],
  "Comments": [
    {
      "Message": "The report generated by OpenCover (or PartCover, NCover) always contain the full path to files. In my opinion a relative path does not make any sense here. A project could consist of many files that don't necessarily need to be in a common base folder.\r\n\r\nThere are several solutions for your problem:\r\n1. You use the same machine for the generation of the report\r\n2. You use the same  physical directory structure on both machines\r\n3. You add a build task that fixes the paths in the report files (a PowerShell script should be able to do this)\r\n4. You grab the sources of ReportGenerator and implement this feature yourself\r\n5. I implement this feature in ReportGenerator\r\n\r\nI think approach 3. is best for your needs.\r\nI don't think that ReportGenerator should be responsible to manipulate the report files (see section 'Orthogonality' http://www.faqs.org/docs/artu/ch04s02.html).",
      "PostedDate": "2011-08-31T11:48:07.177-07:00",
      "Id": -2147483648
    },
    {
      "Message": "Hi Daniel,\r\n\r\nYou're absolutely correct and OpenCover had a mostly identical response - i.e. modify the report post generation to substitute the new source location.\r\n\r\nYou can close the issue.\r\n\r\nThanks for your time and for a great product.",
      "PostedDate": "2011-09-01T02:41:41.217-07:00",
      "Id": -2147483648
    },
    {
      "Message": "",
      "PostedDate": "2011-09-01T03:17:41.203-07:00",
      "Id": -2147483648
    },
    {
      "Message": "",
      "PostedDate": "2013-02-14T13:16:48.673-08:00",
      "Id": -2147483648
    },
    {
      "Message": "",
      "PostedDate": "2013-05-16T02:56:12.91-07:00",
      "Id": -2147483648
    }
  ]
}