{
  "WorkItem": {
    "AffectedComponent": {
      "Name": "",
      "DisplayName": ""
    },
    "ClosedComment": "Thanks for your feedback.In changeset 64081 a possiblity to collapse all classes has been added. That way you can have full details or collapse everything to only see the assemblies.",
    "ClosedDate": "2011-12-08T14:10:21.793-08:00",
    "CommentCount": 0,
    "Custom": null,
    "Description": "Right now the summary index file is the same as the main index file, just that the back end class files are not created.  Is it possible to get a feature/switch added to just removed the class listings from the main index page and just show the assembly totals alone?",
    "LastUpdatedDate": "2013-05-16T02:56:12.063-07:00",
    "PlannedForRelease": "",
    "ReleaseVisibleToPublic": false,
    "Priority": {
      "Name": "Low",
      "Severity": 50,
      "Id": 1
    },
    "ProjectName": "reportgenerator",
    "ReportedDate": "2011-12-08T07:39:57.633-08:00",
    "Status": {
      "Name": "Closed",
      "Id": 4
    },
    "ReasonClosed": {
      "Name": "Unassigned"
    },
    "Summary": "Add reporting level for just assemblies (not class levels underneath)",
    "Type": {
      "Name": "Issue",
      "Id": 3
    },
    "VoteCount": 1,
    "Id": 8992
  },
  "FileAttachments": [],
  "Comments": []
}