{
  "WorkItem": {
    "AffectedComponent": {
      "Name": "",
      "DisplayName": ""
    },
    "ClosedComment": "Fixed in revision 72194",
    "ClosedDate": "2013-03-14T13:14:01.83-07:00",
    "CommentCount": 0,
    "Custom": null,
    "Description": "ReportGenerator currently reports results at assembly level and/or at class level. \nIt would be very useful to be able to also report results at an intermediate level, namely at namespace level. \nFor nested namespaces, there are two possible ways I can think of:\n1. Specify a fixed max depth in the command line\n- e.g. a max depth of 2 for namespaces 'My'; 'My.Name' and 'My.Name.Space' would generate reports for 'My' and 'My.Name' \n2. A hierarchical result that would allow drill-down to any level of nested namespaces.\n\nNCover (the original open-source one, not to mention the commercial one) has this: http://ncover.sourceforge.net/sample-output/NCover-report.html\n\ndotCover has this: http://www.jetbrains.com/dotcover/features/img/dotcover-html-report_thumb.png \nor http://www.jetbrains.com/dotcover/features/index.html\n...etc.\n\nThanks!",
    "LastUpdatedDate": "2013-05-16T02:56:09.103-07:00",
    "PlannedForRelease": "",
    "ReleaseVisibleToPublic": false,
    "Priority": {
      "Name": "Low",
      "Severity": 50,
      "Id": 1
    },
    "ProjectName": "reportgenerator",
    "ReportedDate": "2013-02-05T06:00:34.897-08:00",
    "Status": {
      "Name": "Closed",
      "Id": 4
    },
    "ReasonClosed": {
      "Name": "Unassigned"
    },
    "Summary": "Aggregate results by namespace",
    "Type": {
      "Name": "Issue",
      "Id": 3
    },
    "VoteCount": 1,
    "Id": 9891
  },
  "FileAttachments": [],
  "Comments": [
    {
      "Message": "Thanks for your comment. I'm currently working on a more customizable report. But this will take some time. Stay tuned!",
      "PostedDate": "2013-02-05T06:49:06.347-08:00",
      "Id": -2147483648
    },
    {
      "Message": "",
      "PostedDate": "2013-02-14T13:16:43.783-08:00",
      "Id": -2147483648
    },
    {
      "Message": "Fixed in version 1.8.0.0. Currently a beta release is available.\r\n\r\nThe HTML report now contains more columns and the ability to group classes dynamically by namespace.\r\n\r\nPlease take a look at it and let me know if everything works as expected.\r\n\r\nThanks for your help.",
      "PostedDate": "2013-02-24T12:30:46.573-08:00",
      "Id": -2147483648
    },
    {
      "Message": "I'll check it out one of these days. Thanks!",
      "PostedDate": "2013-02-28T06:13:55.307-08:00",
      "Id": -2147483648
    },
    {
      "Message": "",
      "PostedDate": "2013-03-14T13:14:01.83-07:00",
      "Id": -2147483648
    },
    {
      "Message": "",
      "PostedDate": "2013-05-16T02:56:09.103-07:00",
      "Id": -2147483648
    }
  ]
}