{
  "WorkItem": {
    "AffectedComponent": {
      "Name": "",
      "DisplayName": ""
    },
    "ClosedComment": "Memory usage has been further reduced with changeset 68352",
    "ClosedDate": "2012-06-25T11:55:00.853-07:00",
    "CommentCount": 0,
    "Custom": null,
    "Description": "ReportGenerator.exe takes a lot of memory when generating reports from opencover xml files.\n \nI tried all versions available, from 1.0.0.0 through 1.3.0.0.\n \nInput: 94 files with 739 MB\nMemory usage goes up beyond 1.7 GB, then out of memory error occurs\n \nI tried MSBuild task and command-line, both the same.",
    "LastUpdatedDate": "2013-05-16T02:56:10.897-07:00",
    "PlannedForRelease": "",
    "ReleaseVisibleToPublic": false,
    "Priority": {
      "Name": "Low",
      "Severity": 50,
      "Id": 1
    },
    "ProjectName": "reportgenerator",
    "ReportedDate": "2012-05-03T05:00:38.847-07:00",
    "Status": {
      "Name": "Closed",
      "Id": 4
    },
    "ReasonClosed": {
      "Name": "Unassigned"
    },
    "Summary": "OutOfMemory Errors when generating HTML report from OpenCover coverage files",
    "Type": {
      "Name": "Issue",
      "Id": 3
    },
    "VoteCount": 1,
    "Id": 9372
  },
  "FileAttachments": [],
  "Comments": [
    {
      "Message": "I never had reports with such a big size.\r\nCould you please zip those reports and upload them somewhere (e.g. Dropbox, Google Drive)?\r\n\r\nI will have a look if there is a way to reduce memory consumption.\r\n",
      "PostedDate": "2012-05-03T05:24:45.263-07:00",
      "Id": -2147483648
    },
    {
      "Message": "sorry but i can't upload the reports due to company policies\r\nit seems that dependencies are loaded several times and resources are not freed",
      "PostedDate": "2012-05-03T06:34:03.643-07:00",
      "Id": -2147483648
    },
    {
      "Message": "sorry but i can't upload the reports due to company policies\r\nit seems that dependencies are loaded several times and resources are not freed",
      "PostedDate": "2012-05-03T06:34:11.02-07:00",
      "Id": -2147483648
    },
    {
      "Message": "sorry, but i cannot upload the reports due to company policies\r\nit seems that dependencies are loaded several times\r\nis there a way to minimize size of coverage files before generating reports\r\nor is it possible to run the report generator twice and merge the result in another step?",
      "PostedDate": "2012-05-03T06:36:41.097-07:00",
      "Id": -2147483648
    },
    {
      "Message": "sorry, but i cannot upload the reports due to company policies\r\nit seems that dependencies are loaded several times\r\nis there a way to minimize size of coverage files before generating reports\r\nor is it possible to run the report generator twice and merge the result in another step?",
      "PostedDate": "2012-05-03T06:39:23.843-07:00",
      "Id": -2147483648
    },
    {
      "Message": "Ok, then I will try with my own test reports\r\nThe reports can't be minimized, they are already pretty compact.\r\n\r\nI'm not sure if it is possible to minimize the memory footprint. \r\nYour reports alone have about 800 MB and some additional data is calculated.\r\nBut I will try my best to reduce the memory consumption.\r\nThis will take me a couple of days, since I'm quite busy.\r\n\r\nWhat you could do:\r\nYou wrote that you have 94 reports. I assume that your Solution contains several independant projects or groups of projects.\r\nIf this is true, you could generate several reports and only include the coverage files that correspond to a specific subset of your project.\r\nYou can't merge the generated reports, but at least your build works.",
      "PostedDate": "2012-05-03T07:03:22.903-07:00",
      "Id": -2147483648
    },
    {
      "Message": "can you tell me how to increase memory to avoid out of memory error?",
      "PostedDate": "2012-05-03T08:09:39.307-07:00",
      "Id": -2147483648
    },
    {
      "Message": "You could try to generate the report on a 64 Bit machine. Then you should be able to allocate more memory.",
      "PostedDate": "2012-05-03T12:32:59.667-07:00",
      "Id": -2147483648
    },
    {
      "Message": "I took a quick look at the code.\r\nI think I am able to reduce memory usage.\r\nBut this will need some refactoring, which will take several days. Stay tuned!",
      "PostedDate": "2012-05-04T04:30:26.09-07:00",
      "Id": -2147483648
    },
    {
      "Message": "i will try generation on a 64bit machine in the meantime",
      "PostedDate": "2012-05-07T00:38:16.35-07:00",
      "Id": -2147483648
    },
    {
      "Message": "I'm almost done with the refactoring. Some unit tests still have to be written.\r\nI probably will supply you beta release tomorrow",
      "PostedDate": "2012-05-08T13:11:24.233-07:00",
      "Id": -2147483648
    },
    {
      "Message": "Could you please download the latest source code:\r\nhttp://reportgenerator.codeplex.com/SourceControl/list/changesets\r\n\r\nAfter compiling please try the new ReportGenerator.exe\r\nDoes this release work for you?\r\nCould you monitor how much memory is used? What is the maximum used memory?",
      "PostedDate": "2012-05-08T23:23:53.987-07:00",
      "Id": -2147483648
    },
    {
      "Message": "i will be on vacation but will try the new sw as soon as i am back",
      "PostedDate": "2012-05-11T03:01:31.27-07:00",
      "Id": -2147483648
    },
    {
      "Message": "Could you please test with the latest changeset (>=67686)",
      "PostedDate": "2012-05-30T07:42:09.297-07:00",
      "Id": -2147483648
    },
    {
      "Message": "",
      "PostedDate": "2012-06-25T11:55:00.853-07:00",
      "Id": -2147483648
    },
    {
      "Message": "",
      "PostedDate": "2013-02-14T13:16:46.227-08:00",
      "Id": -2147483648
    },
    {
      "Message": "",
      "PostedDate": "2013-05-16T02:56:10.897-07:00",
      "Id": -2147483648
    }
  ]
}