{
  "WorkItem": {
    "AffectedComponent": {
      "Name": "",
      "DisplayName": ""
    },
    "ClosedComment": "No feedback was provided.\n\nIf you are able to reproduce this, please create a new issue here:\nhttps://github.com/danielpalme/ReportGenerator/issues/",
    "ClosedDate": "2015-03-05T11:52:10.42-08:00",
    "CommentCount": 0,
    "Custom": null,
    "Description": "I am using ReportGenerator tool (version 1.9.1.0) to merge multiple .coveragexml files generated by Visual Studio. I am seeing various issues in the resulted generated by ReportGenerator.\n\n1. When I generate report for single coveragexml file, the number of lines for an assemby shown in the report are less as compared to number of lines shown by visual studio for same file.\n\n2. When I merge 2 coverage xml files, number of lines for an assemby  (covered lines, uncovered lines as well as coverable lines) are again less when compared with the merged coveragexml files in visual studo.\n\n\nE.g. a binary called bedsmbox.dll has following information when seen in the merged coveragexml file.\n\nCovered lines: 14188\t\nNOt covered lines: 25565\t\nPartially covered lines: 136\t\n\nReportGenraror Html report (generated by merging 2 coverage xml files) shows following data for the same binary:\n\nCovered lines: 2149\nNot covered lines: 22720\nCoverable lines: 24869\n\nAs you can see, there is huge difference between the reults.\n\n\n3. When I merge multiple coveragexml files (I have tried this with upto 150 xml files), the number of lines keep on increasing for a binary. \n\nFor the same binary, the merged html shows (as generated by merging around 140 coverage xml files) shows following data:\n\n\nCovered lines: 47132\nNot covered lines: 214957\nCoverable lines: 262089\n\n\nThanks,\n-Nilesh",
    "LastUpdatedDate": "2015-03-05T11:52:10.42-08:00",
    "PlannedForRelease": "",
    "ReleaseVisibleToPublic": false,
    "Priority": {
      "Name": "Unassigned",
      "Severity": 0,
      "Id": 0
    },
    "ProjectName": "reportgenerator",
    "ReportedDate": "2014-06-23T07:05:09.36-07:00",
    "Status": {
      "Name": "Closed",
      "Id": 4
    },
    "ReasonClosed": {
      "Name": "Unassigned"
    },
    "Summary": "Issues with merging multiple coveragexml files",
    "Type": {
      "Name": "Unassigned",
      "Id": 5
    },
    "VoteCount": 1,
    "Id": 10661
  },
  "FileAttachments": [],
  "Comments": [
    {
      "Message": "Hi Nilesh,\r\n\r\nyour question is not easy to answer without the coverage file(s).\nBut I guess that the problem is caused by merging the coverage files.\r\n\r\nReportGenerator supports merging several coverage files. You don't have to do this yourself.\nJust pass several files separated by ';' to ReportGenerator (e.g. _-reports:file1.coveragexml;file2.coveragexml_).\r\n\r\nHow did you merge the results for Visual Studio? Did you just concatenate them?\nI'm not sure if VS can handle merged files correctly.\r\n\r\nCan you create a minimum sample where ReportGenerator and VisualStudio show (significantly) different coverage?\nThat would be great to see if there is a real issue.\r\n\r\nBest regards\r\n\r\nDaniel",
      "PostedDate": "2014-06-23T23:28:16.54-07:00",
      "Id": -2147483648
    },
    {
      "Message": "Hi Daniel,\r\n\r\nI am using report generator to merge several coverage reports just as you have mentioned. With Visual Studio, I have never been able to merge more than 3 reports because it fails with out of memory exception. My coveragexml reports are from 1-2 GB in size.\r\n\r\nI was observing that for some specific reports, when they are added in the merge process for ReportGenerator, the number of lines (all of them: covered, coverable etc) were increasing with a factor of 10x.  This was happening for some coveragexml files. For other coveragexml files, I was able to merge as many as 130 coverafexml reports and the report showed expected number of lines for all modules.\r\n\r\nIt turns out that, the problem was in coveragexml files. Only for few coveragexml files, I am actually seeing multiple 'CoverageDSPriv' nodes in the xml. The first CoverageDSPriv section has all the modules, while the rest of CoverageDSPriv modes have around 1-2 modules - which are also present in the first CoverageDSPriv section. This causes the 'merge' being invoked even when 1 coveragexml file is getting convered to HtmlSummary report. \r\n\r\nI checked that most of the coveragexml files have only 1 CoverageDSPriv node, which has Module and File as subnodes. I am not sure why only some coveragexml files have this problem. I am investigating if there some difference in the process with with the original coverage file was generated.\r\n\r\nI ensured that when there are more than 1 CoverageDSPriv nodes, the repeating modules have same number of lines and coverage. Thus it is a duplication. This duplication causes same module to be counted multiple times, and thus increases the lines. \r\n\r\nI will let you know details about further investigation.\r\n\r\nThanks,\n-Nilesh.\r\n\r\n\r\n\r\n",
      "PostedDate": "2014-06-26T02:52:55.803-07:00",
      "Id": -2147483648
    },
    {
      "Message": "",
      "PostedDate": "2014-08-19T07:26:50.367-07:00",
      "Id": -2147483648
    },
    {
      "Message": "I'm seeing the same symptoms, i.e. the result of merging several .coveragexml files appears to be incorrect. Did you manage to investigate this more?\r\n\r\nThanks,\n Jonas",
      "PostedDate": "2015-01-28T14:45:38.463-08:00",
      "Id": -2147483648
    },
    {
      "Message": "Can you provide me a minimum sample that shows the problem?\nCan you explain concretely what's wrong?\r\n\r\nWithout any concrete information I can't investigate! ",
      "PostedDate": "2015-01-29T00:33:27.167-08:00",
      "Id": -2147483648
    },
    {
      "Message": "I'm closing this issue since no further feedback was provided.\n\n** Closed by danielpalme 19.08.2014 07:26",
      "PostedDate": "2015-01-29T00:35:10.893-08:00",
      "Id": -2147483648
    },
    {
      "Message": "",
      "PostedDate": "2015-01-29T00:35:11.087-08:00",
      "Id": -2147483648
    },
    {
      "Message": "",
      "PostedDate": "2015-01-29T00:35:21.11-08:00",
      "Id": -2147483648
    },
    {
      "Message": "",
      "PostedDate": "2015-03-05T11:52:10.42-08:00",
      "Id": -2147483648
    }
  ]
}