{
  "WorkItem": {
    "AffectedComponent": {
      "Name": "",
      "DisplayName": ""
    },
    "ClosedComment": "No response",
    "ClosedDate": "2014-01-17T05:26:35.337-08:00",
    "CommentCount": 0,
    "Custom": null,
    "Description": "Hi,\nI am using ReportGenerator to create reports out of OpenCover generated xml files. \nWhile it correctly indexes the classes in the project, it also does this:\n\nIndexing classes in directory 'c:\\'\n\nAnd it literally takes a long long time.\nIs there anything I am missing?\n\nMy Command is like this (It runs in NAnt):\n\n<exec program=\"${PARENT_WORKSPACE}\\Project\\ReportGenerator\\bin\\ReportGenerator.exe\" commandline='\"-reports:${PARENT_WORKSPACE}\\CodeCoverage\\*.xml\" \"-targetdir:${PARENT_WORKSPACE}\\CodeCoverage\" \"-filters:-Blah;-Blah1\" ' failonerror=\"false\"/>\n\nOne thing: The tests are run and opencover reports are generated on the Test Machine. And I am combining the Opencover generated xml on the Build machine. Does that messes up things?\n\nReportGenerator Version: 1.9.0.0\nOpenCover version: 4.5.1923\nRegards\n\nOr do I have to provide some parameters to OpenCover.",
    "LastUpdatedDate": "2014-01-17T05:26:35.337-08:00",
    "PlannedForRelease": "",
    "ReleaseVisibleToPublic": false,
    "Priority": {
      "Name": "Unassigned",
      "Severity": 0,
      "Id": 0
    },
    "ProjectName": "reportgenerator",
    "ReportedDate": "2013-12-17T22:50:06.863-08:00",
    "Status": {
      "Name": "Closed",
      "Id": 4
    },
    "ReasonClosed": {
      "Name": "Unassigned"
    },
    "Summary": "Indexing classes in directory 'c:\\'",
    "Type": {
      "Name": "Unassigned",
      "Id": 5
    },
    "VoteCount": 1,
    "Id": 10471
  },
  "FileAttachments": [],
  "Comments": [
    {
      "Message": "Hi notaigain,\r\n\r\nReportGenerator retrieves some information from the source code of your project.\nIf the source code is not located in the same directory, it might be a problem that test machine and build server are different machines.\nCan you please upload your OpenCover xml file (not your source code), that would help me to analyze your pro problem.\n",
      "PostedDate": "2013-12-18T00:01:16.653-08:00",
      "Id": -2147483648
    },
    {
      "Message": "",
      "PostedDate": "2014-01-17T05:26:35.337-08:00",
      "Id": -2147483648
    }
  ]
}