{
  "WorkItem": {
    "AffectedComponent": {
      "Name": "",
      "DisplayName": ""
    },
    "ClosedComment": "",
    "ClosedDate": "2015-01-19T08:06:14.867-08:00",
    "CommentCount": 0,
    "Custom": null,
    "Description": "When a file contains multiple classes, the covered/coverable/uncovered metrics are correctly reported for each class. However, the total lines metric for each class is the total lines of the file. This results in the total lines metric for the report being incorrect.\n\nFor example, if we have a file, classes.cs, which contains classes A, B and C, each with 10 lines, then we expect the following total lines metrics:\nA => 10\nB => 10\nC => 10\nReport => *30*\n\nInstead, the metrics are as follows:\nA => 30\nB => 30\nC => 30\nReport => *90*\n\nIf you need any more information, please let me know. This was seen with Report Generator version 2.0.4.",
    "LastUpdatedDate": "2015-01-19T08:06:14.867-08:00",
    "PlannedForRelease": "",
    "ReleaseVisibleToPublic": false,
    "Priority": {
      "Name": "Unassigned",
      "Severity": 0,
      "Id": 0
    },
    "ProjectName": "reportgenerator",
    "ReportedDate": "2015-01-16T02:20:32.06-08:00",
    "Status": {
      "Name": "Closed",
      "Id": 4
    },
    "ReasonClosed": {
      "Name": "Unassigned"
    },
    "Summary": "Total Lines metric incorrect when file contains multiple classes",
    "Type": {
      "Name": "Unassigned",
      "Id": 5
    },
    "VoteCount": 1,
    "Id": 10870
  },
  "FileAttachments": [],
  "Comments": [
    {
      "Message": "I think this can't be fixed easily.\r\n\r\n* You could calculate the start and end line of a C# class with NRefactory, but how should F# code be handled (ReportGenerator supports this too)?\n* How should _using statements_ and _namespaces_ be counted?\n```\nusing A;\nusing B;\r\n\r\nnamespace Foo\n{\n  public class Bar { ... }\n  public class Baz { ... }\n}\n```\n* Currently files are counted several times. But the sum of all classes is equal to the total lines of code. If I change the code in a way that each file is only counted once, this is no longer true and might cause confusion as well.\n* The metric _Total lines_ is not that important. _Coverable lines_ and _Covered lines_ are much more important and these number are correct.\r\n\r\nI don't see a proper way to fix this issue and I think I won't do anything about it.\nWhen someone places several classes in single file, then one has to live with this.",
      "PostedDate": "2015-01-19T07:03:03.977-08:00",
      "Id": -2147483648
    },
    {
      "Message": "I understand that this is really an issue born out of bad practice and that the real answer is to not put classes in the same file.\r\n\r\nI agree that a solution could be complicated and cause confusion without much gain. Thanks for taking a look at this issue.",
      "PostedDate": "2015-01-19T07:37:50.223-08:00",
      "Id": -2147483648
    },
    {
      "Message": "I understand that this is really an issue born out of bad practice and that the real answer is to not put classes in the same file.\r\n\r\nI agree that a solution could be complicated and cause confusion without much gain. Thanks for taking a look at this issue.",
      "PostedDate": "2015-01-19T07:38:20.683-08:00",
      "Id": -2147483648
    },
    {
      "Message": "",
      "PostedDate": "2015-01-19T08:06:14.867-08:00",
      "Id": -2147483648
    }
  ]
}