{
  "WorkItem": {
    "AffectedComponent": {
      "Name": "",
      "DisplayName": ""
    },
    "ClosedComment": "Fixed with changeset 69294.Please try http&#58;&#47;&#47;dl.dropbox.com&#47;u&#47;21096596&#47;ReportGenerator_1.6.0.0_Beta.zip for a beta release.Let me know if any problems occur.Thanks for your help.",
    "ClosedDate": "2012-09-04T11:32:39.537-07:00",
    "CommentCount": 0,
    "Custom": null,
    "Description": "It would be convenient if the reports parameter would allow filepath with wildcard. This way you could parse all opencover xml files if they have a common name pattern, eg -reports:opencover-*.xml\n \nSee attached patch for a simple solution.",
    "LastUpdatedDate": "2013-05-16T02:56:10.75-07:00",
    "PlannedForRelease": "",
    "ReleaseVisibleToPublic": false,
    "Priority": {
      "Name": "Low",
      "Severity": 50,
      "Id": 1
    },
    "ProjectName": "reportgenerator",
    "ReportedDate": "2012-08-07T02:21:17.42-07:00",
    "Status": {
      "Name": "Closed",
      "Id": 4
    },
    "ReasonClosed": {
      "Name": "Unassigned"
    },
    "Summary": "Add filefilter option for -reports",
    "Type": {
      "Name": "Issue",
      "Id": 3
    },
    "VoteCount": 1,
    "Id": 9534
  },
  "FileAttachments": [
    {
      "FileId": 3083,
      "FileName": "ReportConfigurationBuilder.cs.patch",
      "DownloadUrl": ".\\3083"
    }
  ],
  "Comments": [
    {
      "Message": "Thanks for your patch. I will add this feature in the next release. Probably end of this month",
      "PostedDate": "2012-08-07T06:17:13.56-07:00",
      "Id": -2147483648
    },
    {
      "Message": "",
      "PostedDate": "2012-09-04T11:32:39.537-07:00",
      "Id": -2147483648
    },
    {
      "Message": "",
      "PostedDate": "2013-02-14T13:16:46.053-08:00",
      "Id": -2147483648
    },
    {
      "Message": "",
      "PostedDate": "2013-05-16T02:56:10.75-07:00",
      "Id": -2147483648
    }
  ]
}