{
  "WorkItem": {
    "AffectedComponent": {
      "Name": "",
      "DisplayName": ""
    },
    "ClosedComment": "Thanks for reporting this issue.\nIt's fixed in changeset 75522",
    "ClosedDate": "2014-09-30T13:01:25.573-07:00",
    "CommentCount": 0,
    "Custom": null,
    "Description": "The generated javascript for the assemblies causes an error in the HTML. In the big coverage report I'm running the assembly list disappears. In this repro case you can see the syntax error in the javascript.\n(v 2.0.0-beta9)",
    "LastUpdatedDate": "2014-10-03T01:16:37.113-07:00",
    "PlannedForRelease": "",
    "ReleaseVisibleToPublic": false,
    "Priority": {
      "Name": "Unassigned",
      "Severity": 0,
      "Id": 0
    },
    "ProjectName": "reportgenerator",
    "ReportedDate": "2014-09-30T04:30:46.233-07:00",
    "Status": {
      "Name": "Closed",
      "Id": 4
    },
    "ReasonClosed": {
      "Name": "Fixed"
    },
    "Summary": "FSharp type with prime/quote causes problems",
    "Type": {
      "Name": "Unassigned",
      "Id": 5
    },
    "VoteCount": 1,
    "Id": 10736
  },
  "FileAttachments": [
    {
      "FileId": 5696,
      "FileName": "coverage3.7z",
      "DownloadUrl": ".\\5696"
    }
  ],
  "Comments": [
    {
      "Message": "Verified fixed in 2.0.0-beta10\r\n\r\nThanks!",
      "PostedDate": "2014-10-03T01:16:37.113-07:00",
      "Id": -2147483648
    }
  ]
}