{
  "WorkItem": {
    "AffectedComponent": {
      "Name": "",
      "DisplayName": ""
    },
    "ClosedComment": "Fixed in revision 72194",
    "ClosedDate": "2013-03-14T13:13:35.793-07:00",
    "CommentCount": 0,
    "Custom": null,
    "Description": "If you generate an HtmlSummary report the file for the single classes are not generated but the anchor it's included in the index.htm file, so that when you click on the class you have a page not found error.",
    "LastUpdatedDate": "2013-05-16T02:56:08.787-07:00",
    "PlannedForRelease": "",
    "ReleaseVisibleToPublic": false,
    "Priority": {
      "Name": "Unassigned",
      "Severity": 0,
      "Id": 0
    },
    "ProjectName": "reportgenerator",
    "ReportedDate": "2013-03-06T01:46:06.357-08:00",
    "Status": {
      "Name": "Closed",
      "Id": 4
    },
    "ReasonClosed": {
      "Name": "Unassigned"
    },
    "Summary": "Html Summary generate anchors",
    "Type": {
      "Name": "Issue",
      "Id": 3
    },
    "VoteCount": 1,
    "Id": 9935
  },
  "FileAttachments": [],
  "Comments": [
    {
      "Message": "Fixed in Beta 2. Please try the latest download:\nhttp://reportgenerator.codeplex.com/releases/view/102442",
      "PostedDate": "2013-03-08T12:51:51.727-08:00",
      "Id": -2147483648
    },
    {
      "Message": "",
      "PostedDate": "2013-03-14T13:13:35.793-07:00",
      "Id": -2147483648
    },
    {
      "Message": "",
      "PostedDate": "2013-05-16T02:56:08.787-07:00",
      "Id": -2147483648
    }
  ]
}