{
  "WorkItem": {
    "AffectedComponent": {
      "Name": "",
      "DisplayName": ""
    },
    "ClosedComment": "",
    "ClosedDate": "2012-11-04T23:30:19.907-08:00",
    "CommentCount": 0,
    "Custom": null,
    "Description": "Currently this is unsupported :-(\nReference: http://stackoverflow.com/questions/9758743/opencover-how-to-view-coverage-per-test",
    "LastUpdatedDate": "2013-05-16T02:56:10.13-07:00",
    "PlannedForRelease": "",
    "ReleaseVisibleToPublic": false,
    "Priority": {
      "Name": "Low",
      "Severity": 50,
      "Id": 1
    },
    "ProjectName": "reportgenerator",
    "ReportedDate": "2012-10-30T01:44:55.66-07:00",
    "Status": {
      "Name": "Closed",
      "Id": 4
    },
    "ReasonClosed": {
      "Name": "Unassigned"
    },
    "Summary": "Please add the coverage per test support for OpenCover",
    "Type": {
      "Name": "Issue",
      "Id": 3
    },
    "VoteCount": 1,
    "Id": 9698
  },
  "FileAttachments": [],
  "Comments": [
    {
      "Message": "Thanks for submitting that issue. I will see what I can do. But it may take some time, since I'm pretty busy at the moment.",
      "PostedDate": "2012-10-30T03:46:58.5-07:00",
      "Id": -2147483648
    },
    {
      "Message": "I just implemented this feature. Next week I will do some testing and then publish my changes.",
      "PostedDate": "2012-11-03T05:38:55.037-07:00",
      "Id": -2147483648
    },
    {
      "Message": "Fixed in changeset #70732.",
      "PostedDate": "2012-11-04T23:29:41.007-08:00",
      "Id": -2147483648
    },
    {
      "Message": "",
      "PostedDate": "2012-11-04T23:30:19.907-08:00",
      "Id": -2147483648
    },
    {
      "Message": "Daniel - thank you! I'm astonished and grateful for such a quick response. Looking forward to try it out!",
      "PostedDate": "2012-11-05T00:07:34.637-08:00",
      "Id": -2147483648
    },
    {
      "Message": "I will make a new offical release soon. Until then you could download the latest sources here: http://reportgenerator.codeplex.com/SourceControl/changeset/view/70739\nLet me know if something doesn't work as expected.",
      "PostedDate": "2012-11-05T03:21:02.513-08:00",
      "Id": -2147483648
    },
    {
      "Message": "",
      "PostedDate": "2013-02-14T13:16:45.24-08:00",
      "Id": -2147483648
    },
    {
      "Message": "",
      "PostedDate": "2013-05-16T02:56:10.13-07:00",
      "Id": -2147483648
    }
  ]
}