[
  {
    "Id": 8503,
    "Title": "Coverage details are not matching between PartCover output and ReportGenerator output"
  },
  {
    "Id": 8653,
    "Title": "OutOfMemoryException on a seqpoint with a magic line"
  },
  {
    "Id": 8654,
    "Title": "Reports fail when source files moved"
  },
  {
    "Id": 8860,
    "Title": "Does not find tested files"
  },
  {
    "Id": 8931,
    "Title": "Allow for external CSS to style the reports"
  },
  {
    "Id": 8932,
    "Title": "Code coverage for inner classes not generated in report if in a different source file"
  },
  {
    "Id": 8936,
    "Title": "Additional metrics in Summary plus styling change"
  },
  {
    "Id": 8958,
    "Title": "Zero coverage from OpenCover output for types with no sequence points"
  },
  {
    "Id": 8992,
    "Title": "Add reporting level for just assemblies (not class levels underneath)"
  },
  {
    "Id": 9041,
    "Title": "Merging reports doesn't work when the same module is used from different paths"
  },
  {
    "Id": 9065,
    "Title": "prevent rounding up to 100%"
  },
  {
    "Id": 9066,
    "Title": "prevent rounding up to 100%"
  },
  {
    "Id": 9141,
    "Title": "Exception \"An item with the same key has already been  added\" for an Opencover XML input (attached)"
  },
  {
    "Id": 9259,
    "Title": "File 'xyz' does not exist (any more)."
  },
  {
    "Id": 9266,
    "Title": "Very Poor Performance"
  },
  {
    "Id": 9372,
    "Title": "OutOfMemory Errors when generating HTML report from OpenCover coverage files"
  },
  {
    "Id": 9534,
    "Title": "Add filefilter option for -reports"
  },
  {
    "Id": 9646,
    "Title": "Access to the path 'F:\\System Volume Information\\' is denied."
  },
  {
    "Id": 9649,
    "Title": "0% coverage for xml generated by PartCover v4.0.20908"
  },
  {
    "Id": 9671,
    "Title": "Very long names of assemblies and classes"
  },
  {
    "Id": 9698,
    "Title": "Please add the coverage per test support for OpenCover"
  },
  {
    "Id": 9706,
    "Title": "The -targetdir parameter does not accept directory paths with a trailing space."
  },
  {
    "Id": 9736,
    "Title": "NCover 1.5.8 Exclude attribute is not handled."
  },
  {
    "Id": 9773,
    "Title": "mixed case in File fullPaths can cause class indexing to start too high"
  },
  {
    "Id": 9833,
    "Title": "-Version command line parameter"
  },
  {
    "Id": 9875,
    "Title": "Feature request: Top N methods/classes to cover"
  },
  {
    "Id": 9886,
    "Title": "Report generator not working for OpenCover 4.0.1229"
  },
  {
    "Id": 9891,
    "Title": "Aggregate results by namespace"
  },
  {
    "Id": 9913,
    "Title": "Mark complete line (lightred/lightgreen ) according to coverage status"
  },
  {
    "Id": 9935,
    "Title": "Html Summary generate anchors"
  },
  {
    "Id": 9937,
    "Title": "Improvement in HtmlSummary report"
  },
  {
    "Id": 9988,
    "Title": "Class with all auto-properties shows 0% coverage"
  },
  {
    "Id": 10145,
    "Title": "No longer works with CruiseControl.NET"
  },
  {
    "Id": 10471,
    "Title": "Indexing classes in directory 'c:\\'"
  },
  {
    "Id": 10553,
    "Title": "ReportGenerator considers some F# initialization NotCoverable (from OpenCover)"
  },
  {
    "Id": 10646,
    "Title": "XML Coverage File Parsing Error"
  },
  {
    "Id": 10661,
    "Title": "Issues with merging multiple coveragexml files"
  },
  {
    "Id": 10723,
    "Title": "Broken urls in Cruisecontol.NET report after enabling filter"
  },
  {
    "Id": 10735,
    "Title": "msbuild task has FileNotFoundException on ICSharpCode.NRefactory"
  },
  {
    "Id": 10736,
    "Title": "FSharp type with prime/quote causes problems"
  },
  {
    "Id": 10849,
    "Title": "Putting multiple classes in the same file results in those classes being counted twice"
  },
  {
    "Id": 10858,
    "Title": "When having a symbolic link folder generator fails"
  },
  {
    "Id": 10870,
    "Title": "Total Lines metric incorrect when file contains multiple classes"
  },
  {
    "Id": 10877,
    "Title": "Results are not the same as in VS"
  },
  {
    "Id": 10888,
    "Title": "Merging XML files makes me lose coverage data"
  }
]