{
  "WorkItem": {
    "AffectedComponent": {
      "Name": "",
      "DisplayName": ""
    },
    "ClosedComment": "",
    "ClosedDate": "2015-02-04T07:13:49.637-08:00",
    "CommentCount": 0,
    "Custom": null,
    "Description": "Hi,\nI'm using 1 xmlCoverage file, to create HtmlSummary report.\nThe issue is I'm seeing different results than the the ones seen inside VS after running the tests.\ne.g., for a certain dll - in Html report it shows 6.9%, while in VS it shows 10.26%, and so on\nAttaching the xmlCoverage file",
    "LastUpdatedDate": "2015-02-04T07:13:49.637-08:00",
    "PlannedForRelease": "",
    "ReleaseVisibleToPublic": false,
    "Priority": {
      "Name": "Unassigned",
      "Severity": 0,
      "Id": 0
    },
    "ProjectName": "reportgenerator",
    "ReportedDate": "2015-02-04T04:34:48.453-08:00",
    "Status": {
      "Name": "Closed",
      "Id": 4
    },
    "ReasonClosed": {
      "Name": "Unassigned"
    },
    "Summary": "Results are not the same as in VS",
    "Type": {
      "Name": "Unassigned",
      "Id": 5
    },
    "VoteCount": 1,
    "Id": 10877
  },
  "FileAttachments": [
    {
      "FileId": 5736,
      "FileName": "sample.coveragexml",
      "DownloadUrl": ".\\5736"
    }
  ],
  "Comments": [
    {
      "Message": "Please have a look at this discussion, this explains the difference:\r\n\r\nhttp://reportgenerator.codeplex.com/discussions/549025",
      "PostedDate": "2015-02-04T05:19:43.683-08:00",
      "Id": -2147483648
    },
    {
      "Message": "Got it. Thanks!",
      "PostedDate": "2015-02-04T06:57:27.543-08:00",
      "Id": -2147483648
    },
    {
      "Message": "",
      "PostedDate": "2015-02-04T07:13:49.637-08:00",
      "Id": -2147483648
    }
  ]
}