{
  "WorkItem": {
    "AffectedComponent": {
      "Name": "",
      "DisplayName": ""
    },
    "ClosedComment": "",
    "ClosedDate": "2011-11-29T12:15:39.31-08:00",
    "CommentCount": 0,
    "Custom": null,
    "Description": "In OpenCover output files, any type which has no methods, e.g. a type which contains only auto properties, has no corresponding <File> element under CoverageSession/Modules/Module/Files/. (This is because the corresponding PDB file does not contain source file information for these types since they have no sequence points.)\n \nEven if the types are covered with unit tests (i.e. every method has visited=true) ReportGenerator reports these types with zero coverage.",
    "LastUpdatedDate": "2013-05-16T02:56:12.2-07:00",
    "PlannedForRelease": "",
    "ReleaseVisibleToPublic": false,
    "Priority": {
      "Name": "Low",
      "Severity": 50,
      "Id": 1
    },
    "ProjectName": "reportgenerator",
    "ReportedDate": "2011-11-28T06:56:51.76-08:00",
    "Status": {
      "Name": "Closed",
      "Id": 4
    },
    "ReasonClosed": {
      "Name": "Unassigned"
    },
    "Summary": "Zero coverage from OpenCover output for types with no sequence points",
    "Type": {
      "Name": "Issue",
      "Id": 3
    },
    "VoteCount": 1,
    "Id": 8958
  },
  "FileAttachments": [],
  "Comments": [
    {
      "Message": "As you say the report does not contain any file information. So there is no chance to get the line coverage of the class.\r\nI could mark the coverage as unknown instead of 0%.\r\nWhat do you suggest?",
      "PostedDate": "2011-11-28T10:43:03.427-08:00",
      "Id": -2147483648
    },
    {
      "Message": "Perhaps I have an oversimplified view, but I was thinking that the presence of all the methods, each with a method point but no sequence points (and visited = true) would be enough to say that the type was completely covered. Is that not so? I guess if there were some unvisited methods then, as you say, the line coverage would be unknown.",
      "PostedDate": "2011-11-28T12:04:13.043-08:00",
      "Id": -2147483648
    },
    {
      "Message": "The coverage information is only based on the sequence points. The coverage is determined in the following way:\r\n1) Get all classes\r\n2) Get files for each class\r\n2) Get number of visits for each line in each file\r\n\r\nSince I don't know in which file the class is defined in, I don't know the number of covered/total lines and therefore I can't calculate the coverage.",
      "PostedDate": "2011-11-28T12:39:20.153-08:00",
      "Id": -2147483648
    },
    {
      "Message": "Thanks for the explanation.\r\n\r\nI suppose if you mark the coverage for those types as unknown, and that unknown figures does not affect the total coverage figure, then this will solve our issue.\r\n\r\nSome background:- this is an issue for us because we have a 100% coverage policy on a subsection of our code base. Our builds for this part of the code are set to break if coverage ever drops below 100%.",
      "PostedDate": "2011-11-29T00:26:24.18-08:00",
      "Id": -2147483648
    },
    {
      "Message": "I found a way to fix your problem:\r\nIf no files exist for a class in the report, I calculate the coverage based on the method elements:\r\nCoverageQuota = #VisitedMethods / #TotalMethods\r\n\r\nI will publish a new release within the next days.",
      "PostedDate": "2011-11-29T03:57:08.113-08:00",
      "Id": -2147483648
    },
    {
      "Message": "I improved the coverage in changeset 63744. I will try to improve this further by guessing the correct file based on the class name.",
      "PostedDate": "2011-11-29T12:13:56.3-08:00",
      "Id": -2147483648
    },
    {
      "Message": "",
      "PostedDate": "2011-11-29T12:15:39.31-08:00",
      "Id": -2147483648
    },
    {
      "Message": "Great stuff! I'm looking forward to giving the new version a try...\r\n\r\nThanks very much for addressing this.",
      "PostedDate": "2011-11-30T09:58:57.91-08:00",
      "Id": -2147483648
    },
    {
      "Message": "",
      "PostedDate": "2013-02-14T13:16:47.67-08:00",
      "Id": -2147483648
    },
    {
      "Message": "",
      "PostedDate": "2013-05-16T02:56:12.2-07:00",
      "Id": -2147483648
    }
  ]
}