{
  "WorkItem": {
    "AffectedComponent": {
      "Name": "",
      "DisplayName": ""
    },
    "ClosedComment": "",
    "ClosedDate": "2012-11-07T12:07:03.16-08:00",
    "CommentCount": 0,
    "Custom": null,
    "Description": "When having assemblies and classes with long file names, they fail to be created because of full path length limit. \nRunning \nHtmlRenderer hr = new HtmlRenderer();\n           hr.BeginClassReport(@\"c:\\Temporary\", \"Folder\", \"Lorem ipsum dolor sit amet, consectetur adipisicing elit, sed do eiusmod tempor incididunt ut labore et dolore magna aliqua. Ut enim ad minim veniam, quis nostrud exercitation ullamco laboris nisi ut aliquip ex ea commodo consequat. Duis aute irure dolor in reprehenderit in voluptate velit esse cillum dolore eu fugiat nulla pariatur.\");\n\nfails with \nPalmmedia.ReportGenerator.Reporting.Rendering.RenderingException: Report 'c:\\Temporary\\Lorem_ipsum_dolor_sit_amet__consectetur_adipisicing_elit__sed_do_eiusmod_tempor_incididunt_ut_labore_et_dolore_magna_aliqua._Ut_enim_ad_minim_veniam__quis_nostrud_exercitation_ullamco_laboris_nisi_ut_aliquip_ex_ea_commodo_consequat._Duis_aute_irure_dolor_in_reprehenderit_in_voluptate_velit_esse_cillum_dolore_eu_fugiat_nulla_pariatur..htm' could not be saved: The specified path, file name, or both are too long. The fully qualified file name must be less than 260 characters, and the directory name must be less than 248 characters. ---> System.IO.PathTooLongException: The specified path, file name, or both are too long. The fully qualified file name must be less than 260 characters, and the directory name must be less than 248 characters.\n    at System.IO.Path.NormalizePath(String path, Boolean fullCheck, Int32 maxPathLength)\n   at System.IO.FileStream.Init(String path, FileMode mode, FileAccess access, Int32 rights, Boolean useRights, FileShare share, Int32 bufferSize, FileOptions options, SECURITY_ATTRIBUTES secAttrs, String msgPath, Boolean bFromProxy, Boolean useLongPath)\n   at System.IO.FileStream..ctor(String path, FileMode mode, FileAccess access, FileShare share, Int32 bufferSize, FileOptions options, String msgPath, Boolean bFromProxy)\n   at System.IO.FileStream..ctor(String path, FileMode mode)\n   at Palmmedia.ReportGenerator.Reporting.Rendering.HtmlRenderer.CreateTextWriter(String targetPath) in HtmlRenderer.cs: line 582\n --- End of inner exception stack trace ---\n    at Palmmedia.ReportGenerator.Reporting.Rendering.HtmlRenderer.CreateTextWriter(String targetPath) in HtmlRenderer.cs: line 588\n   at Palmmedia.ReportGenerator.Reporting.Rendering.HtmlRenderer.BeginClassReport(String targetDirectory, String assemblyName, String className) in HtmlRenderer.cs: line 192\n   at Palmmedia.ReportGeneratorTest.Reporting.Rendering.HtmlRendererTest.TestBeginClassReport() in HtmlRendererTest.cs: line 67\n\nMaybe ReportGenerator can use different naming convention or the long filename problem can be solved in some other ways.",
    "LastUpdatedDate": "2013-05-16T02:56:10.303-07:00",
    "PlannedForRelease": "",
    "ReleaseVisibleToPublic": false,
    "Priority": {
      "Name": "Low",
      "Severity": 50,
      "Id": 1
    },
    "ProjectName": "reportgenerator",
    "ReportedDate": "2012-10-10T09:47:11.457-07:00",
    "Status": {
      "Name": "Closed",
      "Id": 4
    },
    "ReasonClosed": {
      "Name": "Unassigned"
    },
    "Summary": "Very long names of assemblies and classes",
    "Type": {
      "Name": "Issue",
      "Id": 3
    },
    "VoteCount": 1,
    "Id": 9671
  },
  "FileAttachments": [],
  "Comments": [
    {
      "Message": "I can't do anything about the directory name. But I will think about using shorter filenames.\nAs a workaround you could use a output directory with a shorter path.",
      "PostedDate": "2012-10-10T12:06:45.933-07:00",
      "Id": -2147483648
    },
    {
      "Message": "The problem is, that I need unique filenames for all HTML files.\nI could use a hashcode instead of the full name, but that's not very readable (and not 100% safe as collisions may occur).\nOr I can use a number that get's incremented for each file. But again this is not very readable.\r\n\r\nAny other suggestions?",
      "PostedDate": "2012-10-18T13:11:42.79-07:00",
      "Id": -2147483648
    },
    {
      "Message": "Sorry for late reply. \nThe goal is that there is no error thrown when path is too long, but the generator deals with the problem. \nHow it deals with it, it is up to you. You could neglect the friendly file names (I have never needed them to access directly) or truncate them if they are about to exceed the limit by adding counters if truncated part is the same with other files.\r\n\r\nFor that current situation there was a file name that was around 180 characters long and together with location it was more than the limit. Couldn't change the location because it was build server. The code was changed to drop the assembly name part of the filename, and resulting files were still unique, but that was because the naming convention was kind of redundant (and hence the problem). \r\n\r\nBut still, I would prefer that generator will not fail when about to exceed the limit.",
      "PostedDate": "2012-11-05T13:20:56.91-08:00",
      "Id": -2147483648
    },
    {
      "Message": "Fixed in changeset #70760.\nI changed the naming convention to: AssemblyName_ShortClassNameWithoutNamespace[OptionalNumberIfNotUnique].htm\r\n\r\nThat should work in most cases. Could you please test this beta release:\nhttp://dl.dropbox.com/u/21096596/ReportGenerator_1.7.0.0.zip\r\n\r\nLet me know if this works for you. Thanks for your help.",
      "PostedDate": "2012-11-06T12:59:35.49-08:00",
      "Id": -2147483648
    },
    {
      "Message": "",
      "PostedDate": "2012-11-07T12:07:03.16-08:00",
      "Id": -2147483648
    },
    {
      "Message": "",
      "PostedDate": "2013-02-14T13:16:45.4-08:00",
      "Id": -2147483648
    },
    {
      "Message": "",
      "PostedDate": "2013-05-16T02:56:10.303-07:00",
      "Id": -2147483648
    }
  ]
}