{
  "WorkItem": {
    "AffectedComponent": {
      "Name": "",
      "DisplayName": ""
    },
    "ClosedComment": "Fixed in changeset &#35;71309",
    "ClosedDate": "2012-12-16T03:52:18.173-08:00",
    "CommentCount": 0,
    "Custom": null,
    "Description": "Using OpenCover 1.7.1.0 and ReportGenerator 4.0.804 to report my test coverage the report generation started taking figuratively forever. Investigating, I saw something likefound report files: D:/sandbox/project/src/buildlogs/temp_test_coverage/Project.UnitTest.coverage.xmlLoading report 'D:\\sandbox\\project\\src\\buildlogs\\temp_test_coverage\\Project.UnitTest.coverage.xml' Preprocessing report  Indexing classes in directory 'D:\\sandbox\\project\\src\\Module1\\SubPath\\'  Added coverage information of 370/370 auto properties to module 'Module1'  Indexing classes in directory 'D:\\'My D: drive isn't the hugest, but it's big enough, so that explained the delay. And of course, I certainly didn't want anything above D:\\sandbox\\project\\src indexed. I took a peek at my .coverage.xml file and the ReportGenerator code and until I found the offending lines.All but one of my File nodes had a fullPath starting with \"D:\\sandbox\" except one, which had \"D:\\Sandbox\". Because \"S\" isn't \"s\", CommonDirectorySearcher.GetCommonDirectory thinks the longest common prefix is \"D:\\\" and searches the drive.I was able to reproduce using the attached unit test added to CommonDirectorySearcherTest.It appears to be fixed by using StringComparison.OrdinalIgnoreCase when checking prefixes in CommonDirectorySearcher.GetCommonDirectory.I worried a little about this not being sophisticated enough, in case we were working on a UNIX filesystem where case is significant (for example), but the code around these lines seemed to assume Windows (assuming \"\\\"s between path components), so I figured I'd see what you think.Thanks,  Blair",
    "LastUpdatedDate": "2013-05-16T02:56:09.7-07:00",
    "PlannedForRelease": "",
    "ReleaseVisibleToPublic": false,
    "Priority": {
      "Name": "Low",
      "Severity": 50,
      "Id": 1
    },
    "ProjectName": "reportgenerator",
    "ReportedDate": "2012-12-07T04:29:19.07-08:00",
    "Status": {
      "Name": "Closed",
      "Id": 4
    },
    "ReasonClosed": {
      "Name": "Unassigned"
    },
    "Summary": "mixed case in File fullPaths can cause class indexing to start too high",
    "Type": {
      "Name": "Issue",
      "Id": 3
    },
    "VoteCount": 1,
    "Id": 9773
  },
  "FileAttachments": [
    {
      "FileId": 3185,
      "FileName": "sample_coverage_input.xml",
      "DownloadUrl": ".\\3185"
    },
    {
      "FileId": 3186,
      "FileName": "new_commondirectory_unit_test.txt",
      "DownloadUrl": ".\\3186"
    },
    {
      "FileId": 3187,
      "FileName": "change_to_GetCommonDirectory.txt",
      "DownloadUrl": ".\\3187"
    }
  ],
  "Comments": [
    {
      "Message": "Attaching proposed fix.",
      "PostedDate": "2012-12-07T04:47:04.59-08:00",
      "Id": -2147483648
    },
    {
      "Message": "Thanks for your hint. I will have a look at it soon.",
      "PostedDate": "2012-12-08T04:42:03.883-08:00",
      "Id": -2147483648
    },
    {
      "Message": "",
      "PostedDate": "2012-12-16T03:52:18.173-08:00",
      "Id": -2147483648
    },
    {
      "Message": "",
      "PostedDate": "2013-02-14T13:16:44.737-08:00",
      "Id": -2147483648
    },
    {
      "Message": "",
      "PostedDate": "2013-05-16T02:56:09.7-07:00",
      "Id": -2147483648
    }
  ]
}