{
  "WorkItem": {
    "AffectedComponent": {
      "Name": "",
      "DisplayName": ""
    },
    "ClosedComment": "Fixed in revision 72194\nI made the background colors a bit darker.",
    "ClosedDate": "2013-03-14T13:14:52.763-07:00",
    "CommentCount": 0,
    "Custom": null,
    "Description": "The coverage status of each line is marked by a red or green marker at the left of the line.\n\nIt would be great if the whole line could be marked lightred or lightgreen. Makes it easier to realize which line is covered and which is not.",
    "LastUpdatedDate": "2013-05-16T02:56:08.933-07:00",
    "PlannedForRelease": "",
    "ReleaseVisibleToPublic": false,
    "Priority": {
      "Name": "Low",
      "Severity": 50,
      "Id": 1
    },
    "ProjectName": "reportgenerator",
    "ReportedDate": "2013-02-15T01:20:14.467-08:00",
    "Status": {
      "Name": "Closed",
      "Id": 4
    },
    "ReasonClosed": {
      "Name": "Unassigned"
    },
    "Summary": "Mark complete line (lightred/lightgreen ) according to coverage status",
    "Type": {
      "Name": "Issue",
      "Id": 3
    },
    "VoteCount": 1,
    "Id": 9913
  },
  "FileAttachments": [
    {
      "FileId": 3243,
      "FileName": "linecoverage.PNG",
      "DownloadUrl": ".\\3243"
    }
  ],
  "Comments": [
    {
      "Message": "Thanks for your suggestion. I will add this in the next release.",
      "PostedDate": "2013-02-15T04:44:07.423-08:00",
      "Id": -2147483648
    },
    {
      "Message": "Fixed in version 1.8.0.0. Currently a beta release is available. Please take a look at it and let me know if everything works as expected.\r\n\r\nThanks for your help.",
      "PostedDate": "2013-02-24T12:21:00.577-08:00",
      "Id": -2147483648
    },
    {
      "Message": "We tried the beta release and it works fine. Thanks.\r\n\r\nBut I've the note something: If one can recognize the colored lines is extremely dependent on the color/brightness/contrast parameters of the display (and eventuelly on the displays quality). So I tried out different color values and let some colleagues check it. Here is a set of colors that works fine - not too bright but with recognizable colored lines on all the displays we've checked:\r\n\r\n.lightgreen { background-color: #caf9ca; }\n.lightred { background-color: #f9caca; }",
      "PostedDate": "2013-02-28T05:50:34.74-08:00",
      "Id": -2147483648
    },
    {
      "Message": "Thanks for the feedback. I will try your suggestion and probably add them in the final release of version 1.8.0.0",
      "PostedDate": "2013-02-28T06:05:23.403-08:00",
      "Id": -2147483648
    },
    {
      "Message": "",
      "PostedDate": "2013-03-14T13:14:52.763-07:00",
      "Id": -2147483648
    },
    {
      "Message": "",
      "PostedDate": "2013-05-16T02:56:08.933-07:00",
      "Id": -2147483648
    }
  ]
}