{
  "WorkItem": {
    "AffectedComponent": {
      "Name": "",
      "DisplayName": ""
    },
    "ClosedComment": "Fixed in changeset &#35;70794",
    "ClosedDate": "2012-11-08T01:04:55.873-08:00",
    "CommentCount": 0,
    "Custom": null,
    "Description": "Example:\n\nWorks:\nreportgenerator.exe \"-reports:c:\\reports\\coverage.xml\" \"-targetdir:c:\\reports\\myreport\" \n\nDoes not work:\nreportgenerator.exe \"-reports:c:\\reports\\coverage.xml\" \"-targetdir:c:\\reports\\myreport\\\"",
    "LastUpdatedDate": "2013-05-16T02:56:09.993-07:00",
    "PlannedForRelease": "",
    "ReleaseVisibleToPublic": false,
    "Priority": {
      "Name": "Low",
      "Severity": 50,
      "Id": 1
    },
    "ProjectName": "reportgenerator",
    "ReportedDate": "2012-11-07T14:20:41.98-08:00",
    "Status": {
      "Name": "Closed",
      "Id": 4
    },
    "ReasonClosed": {
      "Name": "Unassigned"
    },
    "Summary": "The -targetdir parameter does not accept directory paths with a trailing space.",
    "Type": {
      "Name": "Issue",
      "Id": 3
    },
    "VoteCount": 1,
    "Id": 9706
  },
  "FileAttachments": [],
  "Comments": [
    {
      "Message": "This isn't a bug per se. I am calling reportgenerator and reusing variables with directory paths and this tripped me up. \r\n\r\nIt would be nice if it accepted both forms.",
      "PostedDate": "2012-11-07T14:22:57.78-08:00",
      "Id": -2147483648
    },
    {
      "Message": "",
      "PostedDate": "2012-11-08T01:04:55.873-08:00",
      "Id": -2147483648
    },
    {
      "Message": "",
      "PostedDate": "2013-02-14T13:16:45.08-08:00",
      "Id": -2147483648
    },
    {
      "Message": "",
      "PostedDate": "2013-05-16T02:56:09.993-07:00",
      "Id": -2147483648
    }
  ]
}