{
  "WorkItem": {
    "AffectedComponent": {
      "Name": "",
      "DisplayName": ""
    },
    "ClosedComment": "",
    "ClosedDate": "2011-12-30T09:42:47.84-08:00",
    "CommentCount": 0,
    "Custom": null,
    "Description": "When coverage is higher than 99.95%, ReportGenerator rounds this up to 100%.\n \nWe have an automated build for a subsection of our code base which is set to fail if coverage falls below 100%. We use the output from ReportGenerator to determine this figure.\n \nBecause ReportGenerator rounds this figure up, this allows the coverage to be slowly eroded over time without anyone noticing before the figure drops to <99.95%.\n \nI suggest that ReportGenerator is changed to round down to the last significant figure instead of rounding to the nearest last significant figure.",
    "LastUpdatedDate": "2013-05-16T02:56:11.71-07:00",
    "PlannedForRelease": "",
    "ReleaseVisibleToPublic": false,
    "Priority": {
      "Name": "Low",
      "Severity": 50,
      "Id": 1
    },
    "ProjectName": "reportgenerator",
    "ReportedDate": "2011-12-30T05:51:22.513-08:00",
    "Status": {
      "Name": "Closed",
      "Id": 4
    },
    "ReasonClosed": {
      "Name": "Unassigned"
    },
    "Summary": "prevent rounding up to 100%",
    "Type": {
      "Name": "Issue",
      "Id": 3
    },
    "VoteCount": 1,
    "Id": 9065
  },
  "FileAttachments": [],
  "Comments": [
    {
      "Message": "Thanks for your feedback. I will fix this within the next days.",
      "PostedDate": "2011-12-30T06:28:25.277-08:00",
      "Id": -2147483648
    },
    {
      "Message": "",
      "PostedDate": "2011-12-30T09:42:38.593-08:00",
      "Id": -2147483648
    },
    {
      "Message": "",
      "PostedDate": "2011-12-30T09:42:47.84-08:00",
      "Id": -2147483648
    },
    {
      "Message": "Thanks very much for fixing this, and so promptly!",
      "PostedDate": "2011-12-31T09:44:36.397-08:00",
      "Id": -2147483648
    },
    {
      "Message": "",
      "PostedDate": "2013-02-14T13:16:47.12-08:00",
      "Id": -2147483648
    },
    {
      "Message": "",
      "PostedDate": "2013-05-16T02:56:11.71-07:00",
      "Id": -2147483648
    }
  ]
}