{
  "WorkItem": {
    "AffectedComponent": {
      "Name": "",
      "DisplayName": ""
    },
    "ClosedComment": "I applied your changes. I also improved the CSS so that the original issue is resolved.",
    "ClosedDate": "2011-11-23T12:35:11.947-08:00",
    "CommentCount": 0,
    "Custom": null,
    "Description": "In the code base I'm using, the fully qualified class names get long enough that 960px is not sufficiently wide.  I can remove that part of the style, but seems like a better long term solution is to have an external stylesheet statically defined in the report, to provide a stylesheet at invocation to be embedded or provide the name of the stylesheet that you'd like referenced.",
    "LastUpdatedDate": "2013-05-16T02:56:12.62-07:00",
    "PlannedForRelease": "",
    "ReleaseVisibleToPublic": false,
    "Priority": {
      "Name": "Low",
      "Severity": 50,
      "Id": 1
    },
    "ProjectName": "reportgenerator",
    "ReportedDate": "2011-11-22T13:50:21.757-08:00",
    "Status": {
      "Name": "Closed",
      "Id": 4
    },
    "ReasonClosed": {
      "Name": "Unassigned"
    },
    "Summary": "Allow for external CSS to style the reports",
    "Type": {
      "Name": "Issue",
      "Id": 3
    },
    "VoteCount": 1,
    "Id": 8931
  },
  "FileAttachments": [
    {
      "FileId": 2864,
      "FileName": "HtmlRenderer.cs",
      "DownloadUrl": ".\\2864"
    }
  ],
  "Comments": [
    {
      "Message": "I am interested in implementing this feature if this isn't high enough in the priority queue.  Not sure how the project is managing submissions as there aren't any additional developers listed on the project at the moment.  So far this I'm very happy with what I've seen and would be happy to help out.",
      "PostedDate": "2011-11-23T09:59:47.05-08:00",
      "Id": -2147483648
    },
    {
      "Message": "Thanks for your feedback.\r\nI'm already working on the problem :-)\r\nI don't think, that supplying another command line argument is a good solution for that problem. The reports should look good for everybody even without any specific CSS files.\r\nI never run in your problem, just because my fully qualified names were not long enough.",
      "PostedDate": "2011-11-23T10:24:46.637-08:00",
      "Id": -2147483648
    },
    {
      "Message": "How are you planning on resolving this?  I downloaded the source and was looking at exporting an external css that the html reports reference that can then be replaced.  Thoughts?",
      "PostedDate": "2011-11-23T10:59:13.387-08:00",
      "Id": -2147483648
    },
    {
      "Message": "",
      "PostedDate": "2011-11-23T11:24:48.13-08:00",
      "Id": -2147483648
    },
    {
      "Message": "Here is the change that I made.  I'm guessing that I wouldn't be able to commit to the SVN repo...",
      "PostedDate": "2011-11-23T11:24:49.89-08:00",
      "Id": -2147483648
    },
    {
      "Message": "",
      "PostedDate": "2011-11-23T12:35:11.947-08:00",
      "Id": -2147483648
    },
    {
      "Message": "",
      "PostedDate": "2013-02-14T13:16:48.29-08:00",
      "Id": -2147483648
    },
    {
      "Message": "",
      "PostedDate": "2013-05-16T02:56:12.62-07:00",
      "Id": -2147483648
    }
  ]
}