{
  "WorkItem": {
    "AffectedComponent": {
      "Name": "",
      "DisplayName": ""
    },
    "ClosedComment": "Fixed in revision 72194",
    "ClosedDate": "2013-03-14T13:13:18.87-07:00",
    "CommentCount": 0,
    "Custom": null,
    "Description": "I really like the HtmlSummary report because it allow me to include a report that users can look at without the need for Visual Studio or other tools installed.\n\nTo allow easier usage of this report I suggest the following:\n\n1) Include the CSS file inside the Html (just for the summary report) so that we do not need to compress file but we can simply email the html file and it's self contained\n2) Start the report in compressed mode and not with all the classes expanded\n\nFrom my point of view the \"summary\" need to be used as a management report (easy, simple, quick to email and quick to open from email) while the standard report is good as it is.\n\nRegards\nMassimo",
    "LastUpdatedDate": "2013-05-16T02:56:08.627-07:00",
    "PlannedForRelease": "",
    "ReleaseVisibleToPublic": false,
    "Priority": {
      "Name": "Unassigned",
      "Severity": 0,
      "Id": 0
    },
    "ProjectName": "reportgenerator",
    "ReportedDate": "2013-03-06T01:50:19.73-08:00",
    "Status": {
      "Name": "Closed",
      "Id": 4
    },
    "ReasonClosed": {
      "Name": "Unassigned"
    },
    "Summary": "Improvement in HtmlSummary report",
    "Type": {
      "Name": "Issue",
      "Id": 3
    },
    "VoteCount": 1,
    "Id": 9937
  },
  "FileAttachments": [],
  "Comments": [
    {
      "Message": "I fixed the first issue. The second is unchanged. It takes a single click to collapse all assemblies.\r\n\r\nPlease try the latest download:\nhttp://reportgenerator.codeplex.com/releases/view/102442",
      "PostedDate": "2013-03-08T12:54:05.093-08:00",
      "Id": -2147483648
    },
    {
      "Message": "",
      "PostedDate": "2013-03-14T13:13:18.87-07:00",
      "Id": -2147483648
    },
    {
      "Message": "",
      "PostedDate": "2013-05-16T02:56:08.627-07:00",
      "Id": -2147483648
    }
  ]
}