{
  "WorkItem": {
    "AffectedComponent": {
      "Name": "",
      "DisplayName": ""
    },
    "ClosedComment": "Fixed in changeset 69618",
    "ClosedDate": "2012-09-29T13:44:06.843-07:00",
    "CommentCount": 0,
    "Custom": null,
    "Description": "Using V 1.6.0\nFor a particular Opencover file the reportGenerator goes back to the drive root and attempts to find all directories and access them.\nThis results in a \nSystem.UnauthorizedAccessException occurred\n  Message=Access to the path 'F:\\System Volume Information\\' is denied.\n  Source=mscorlib\n  StackTrace:\n       at System.IO.__Error.WinIOError(Int32 errorCode, String maybeFullPath)\n       at System.IO.FileSystemEnumerableIterator`1.AddSearchableDirsToStack(SearchData localSearchData)\n       at System.IO.FileSystemEnumerableIterator`1.MoveNext()\n       at Palmmedia.ReportGenerator.Parser.Preprocessing.FileSearch.ClassSearcher.SearchClassFiles() in F:\\BuildScripts\\ReportGenerator\\src\\ReportGenerator\\Parser\\Preprocessing\\FileSearch\\ClassSearcher.cs:line 87\n  InnerException:",
    "LastUpdatedDate": "2013-05-16T02:56:10.6-07:00",
    "PlannedForRelease": "",
    "ReleaseVisibleToPublic": false,
    "Priority": {
      "Name": "Low",
      "Severity": 50,
      "Id": 1
    },
    "ProjectName": "reportgenerator",
    "ReportedDate": "2012-09-20T04:36:25.877-07:00",
    "Status": {
      "Name": "Closed",
      "Id": 4
    },
    "ReasonClosed": {
      "Name": "Unassigned"
    },
    "Summary": "Access to the path 'F:\\System Volume Information\\' is denied.",
    "Type": {
      "Name": "Issue",
      "Id": 3
    },
    "VoteCount": 1,
    "Id": 9646
  },
  "FileAttachments": [],
  "Comments": [
    {
      "Message": "Adding the \"SafeWalk\" from\r\nhttp://stackoverflow.com/questions/5098011/directory-enumeratefiles-unauthorizedaccessexception\r\nSeems to work in conjunction with the  \"-sourcedirs:F:\\DeviceConfigUi\\VPCUserInterface;F:\\ssg\\nCC\\projects\" parameter",
      "PostedDate": "2012-09-20T05:01:41.047-07:00",
      "Id": -2147483648
    },
    {
      "Message": "I will have a look at the problem within the next days. Thanks for your error report",
      "PostedDate": "2012-09-20T05:17:06.52-07:00",
      "Id": -2147483648
    },
    {
      "Message": "",
      "PostedDate": "2012-09-29T13:44:06.843-07:00",
      "Id": -2147483648
    },
    {
      "Message": "",
      "PostedDate": "2013-02-14T13:16:45.853-08:00",
      "Id": -2147483648
    },
    {
      "Message": "",
      "PostedDate": "2013-05-16T02:56:10.6-07:00",
      "Id": -2147483648
    }
  ]
}