{
  "WorkItem": {
    "AffectedComponent": {
      "Name": "",
      "DisplayName": ""
    },
    "ClosedComment": "Fixed in changeset #74910",
    "ClosedDate": "2014-04-24T13:24:55.783-07:00",
    "CommentCount": 0,
    "Custom": null,
    "Description": "I've got a simple F# class together with a test case, and some of the code executed from the test is being marked as NotCoverable.\n\nIt looks like OpenCover is generating sequence points with a visit count of 1 for the source lines, but the HTML output from ReportGenerator shows the lines as not covered, and the Xml format has the attribute NotCoverable.\n\nI'd guess that it's because the 'missing' source lines from ```ViewModels.MouseBehavior``` in source file ```Library1.fs``` have been converted into a compiler-generated class ```<StartupCode$CoverageTest>.$Library1``` that's being ignored by the report generation (the generated code for F# is a bit different to C# :-)\n\nI've attached a VS2013 solution which contains the OpenCover xml and ReportGenerator output too.",
    "LastUpdatedDate": "2014-04-24T13:24:55.783-07:00",
    "PlannedForRelease": "",
    "ReleaseVisibleToPublic": false,
    "Priority": {
      "Name": "Unassigned",
      "Severity": 0,
      "Id": 0
    },
    "ProjectName": "reportgenerator",
    "ReportedDate": "2014-03-11T02:49:55.853-07:00",
    "Status": {
      "Name": "Closed",
      "Id": 4
    },
    "ReasonClosed": {
      "Name": "Fixed"
    },
    "Summary": "ReportGenerator considers some F# initialization NotCoverable (from OpenCover)",
    "Type": {
      "Name": "Unassigned",
      "Id": 5
    },
    "VoteCount": 1,
    "Id": 10553
  },
  "FileAttachments": [
    {
      "FileId": 4608,
      "FileName": "CoverageTest.7z",
      "DownloadUrl": ".\\4608"
    },
    {
      "FileId": 5634,
      "FileName": "CoverageTest2.7z",
      "DownloadUrl": ".\\5634"
    }
  ],
  "Comments": [
    {
      "Message": "Thanks for reporting this issue. I will have a look at the problem within the next days.",
      "PostedDate": "2014-03-11T03:18:04.24-07:00",
      "Id": -2147483648
    },
    {
      "Message": "I just took a quick look at the problem. You are right, the compiler-generated classes are causing the issue.\r\n\r\nI don't think that I can easily fix this, because I can't map classes like <StartupCode$CoverageTest>.$Library1/trackMouseChanged@22-1 to ViewModels.MouseBehavior.\r\n\r\nIn C# compiler-generated classes start with the same name as the outer class. That's not the case here and so there is no mapping between the two of them.",
      "PostedDate": "2014-03-11T08:38:21.75-07:00",
      "Id": -2147483648
    },
    {
      "Message": "I would think that an option for per-file coverage report (instead of per-class) would be a big change?\nAnd a lookup based on source file could be messy...",
      "PostedDate": "2014-03-11T09:17:46.377-07:00",
      "Id": -2147483648
    },
    {
      "Message": "Yes that would be an option.\nI'm currently working on another feature. But as soon as this is complete, I will have a look at the required changes that would be necessary to support files based reports.\nThis will take some time, since I'm pretty busy, but then I will come back to you.",
      "PostedDate": "2014-03-11T11:35:32.273-07:00",
      "Id": -2147483648
    },
    {
      "Message": "I found a way to map the the StartUpCode elements to the corresponding class.\nHopefully I will publish a beta release of ReportGenerator 2.0 next week, which will contain the necessary code change.\nIt would be great if you could test the new release as soon as it is available.",
      "PostedDate": "2014-04-01T05:50:33.663-07:00",
      "Id": -2147483648
    },
    {
      "Message": "That sounds great, but unfortunately I won't be available to test it before Monday 14th. \nI'll see if someone else can check, it if it's out sooner.",
      "PostedDate": "2014-04-01T06:53:30.667-07:00",
      "Id": -2147483648
    },
    {
      "Message": "No need to hurry. Just have a look when you have some time left.",
      "PostedDate": "2014-04-01T07:22:45.197-07:00",
      "Id": -2147483648
    },
    {
      "Message": "I should be able to test it whenever you're done.",
      "PostedDate": "2014-04-14T06:00:37.02-07:00",
      "Id": -2147483648
    },
    {
      "Message": "The issue is already fixed for OpenCover. But I want to add support for VisualStudio as well.\nI will update this issue as soon as the beta is available (hopefully this week)",
      "PostedDate": "2014-04-14T07:53:32.247-07:00",
      "Id": -2147483648
    },
    {
      "Message": "The beta release is now available, it would be great if you could test it:\nhttps://www.nuget.org/packages/ReportGenerator/2.0.0-beta1",
      "PostedDate": "2014-04-15T11:17:46.423-07:00",
      "Id": -2147483648
    },
    {
      "Message": "",
      "PostedDate": "2014-04-16T03:41:37.23-07:00",
      "Id": -2147483648
    },
    {
      "Message": "That works much better, thanks!\r\n\r\nI've noticed a _tiny_ problem though: in the slightly modified version of the source attached as CoverageTest2, declarations that span multiple lines are sometimes only marked as coverable on the opening line (see lines 12-13 in CoverageTest_MouseBehavior.htm)\nThe declaration of a local function on line 16 is also marked as not coverable, but I don't really have a problem with that  because it's not really executable.",
      "PostedDate": "2014-04-16T03:41:42.787-07:00",
      "Id": -2147483648
    },
    {
      "Message": "As you said, line 16 is not executable. There is nothing that ReportGenerator can do about this.",
      "PostedDate": "2014-04-16T08:15:37.25-07:00",
      "Id": -2147483648
    },
    {
      "Message": "That's OK, then. But do you know why the declaration on line 12 is marked as covered instead of the implementation on line 13?",
      "PostedDate": "2014-04-16T09:00:24.877-07:00",
      "Id": -2147483648
    },
    {
      "Message": "If you take a look at \"results.xml\" generated by OpenCover you will find the following line\r\n\r\n<SequencePoint vc=\"1\" uspid=\"19\" ordinal=\"0\" offset=\"0\" sl=\"12\" sc=\"12\" el=\"13\" ec=\"128\" bec=\"0\" bev=\"0\" fileid=\"1\" />\r\n\r\nThe attribute sl=\"12\" is the starting line of the sequence point.\nThe report does not contain a separate sequence point for line 13.\r\n\r\nI only use the attribute __sl__, but probably I should also consider the attribute __el__ and mark all lines in between as covered.\r\n\r\nThanks for the hint. I will take a closer look within the next days.",
      "PostedDate": "2014-04-16T13:45:11.137-07:00",
      "Id": -2147483648
    },
    {
      "Message": "I tried beta2, but it blew up. \nIn OpenCoverParser.ProcessFile, the line coverage is updated for the sequence point start line .. end line, but the coverage array is only allocated up to the last sequence point's __start__ line\n",
      "PostedDate": "2014-04-22T07:11:15.047-07:00",
      "Id": -2147483648
    },
    {
      "Message": "Thanks for that hint. I will fix it.",
      "PostedDate": "2014-04-22T08:28:37.387-07:00",
      "Id": -2147483648
    },
    {
      "Message": "Could you please try again with Beta 3? Thank you very much!",
      "PostedDate": "2014-04-22T13:05:40.077-07:00",
      "Id": -2147483648
    },
    {
      "Message": "This blows up on another bit, because of this strangeness:\n```\n-\t\tsource\t{<>f__AnonymousType2<int,int,int,System.Collections.Generic.IEnumerable<<>f__AnonymousType1<int,string>>>[29]}\t<>f__AnonymousType2<int,int,int,System.Collections.Generic.IEnumerable<<>f__AnonymousType1<int,string>>>[]\n+\t\t[0]\t{ LineNumberStart = 16, LineNumberEnd = 16, Visits = 0, TrackedMethodRefs = System.Linq.Enumerable+WhereSelectEnumerableIterator`2[System.Xml.Linq.XElement,<>f__AnonymousType1`2[System.Int32,System.String]] }\t<>f__AnonymousType2<int,int,int,System.Collections.Generic.IEnumerable<<>f__AnonymousType1<int,string>>>\n+\t\t[1]\t{ LineNumberStart = 18, LineNumberEnd = 18, Visits = 0, TrackedMethodRefs = System.Linq.Enumerable+WhereSelectEnumerableIterator`2[System.Xml.Linq.XElement,<>f__AnonymousType1`2[System.Int32,System.String]] }\t<>f__AnonymousType2<int,int,int,System.Collections.Generic.IEnumerable<<>f__AnonymousType1<int,string>>>\n+\t\t[2]\t{ LineNumberStart = 19, LineNumberEnd = 19, Visits = 0, TrackedMethodRefs = System.Linq.Enumerable+WhereSelectEnumerableIterator`2[System.Xml.Linq.XElement,<>f__AnonymousType1`2[System.Int32,System.String]] }\t<>f__AnonymousType2<int,int,int,System.Collections.Generic.IEnumerable<<>f__AnonymousType1<int,string>>>\n+\t\t[3]\t{ LineNumberStart = 20, LineNumberEnd = 20, Visits = 0, TrackedMethodRefs = System.Linq.Enumerable+WhereSelectEnumerableIterator`2[System.Xml.Linq.XElement,<>f__AnonymousType1`2[System.Int32,System.String]] }\t<>f__AnonymousType2<int,int,int,System.Collections.Generic.IEnumerable<<>f__AnonymousType1<int,string>>>\n+\t\t[4]\t{ LineNumberStart = 21, LineNumberEnd = 21, Visits = 0, TrackedMethodRefs = System.Linq.Enumerable+WhereSelectEnumerableIterator`2[System.Xml.Linq.XElement,<>f__AnonymousType1`2[System.Int32,System.String]] }\t<>f__AnonymousType2<int,int,int,System.Collections.Generic.IEnumerable<<>f__AnonymousType1<int,string>>>\n+\t\t[5]\t{ LineNumberStart = 22, LineNumberEnd = 22, Visits = 0, TrackedMethodRefs = System.Linq.Enumerable+WhereSelectEnumerableIterator`2[System.Xml.Linq.XElement,<>f__AnonymousType1`2[System.Int32,System.String]] }\t<>f__AnonymousType2<int,int,int,System.Collections.Generic.IEnumerable<<>f__AnonymousType1<int,string>>>\n+\t\t[6]\t{ LineNumberStart = 23, LineNumberEnd = 23, Visits = 0, TrackedMethodRefs = System.Linq.Enumerable+WhereSelectEnumerableIterator`2[System.Xml.Linq.XElement,<>f__AnonymousType1`2[System.Int32,System.String]] }\t<>f__AnonymousType2<int,int,int,System.Collections.Generic.IEnumerable<<>f__AnonymousType1<int,string>>>\n+\t\t[7]\t{ LineNumberStart = 24, LineNumberEnd = 24, Visits = 0, TrackedMethodRefs = System.Linq.Enumerable+WhereSelectEnumerableIterator`2[System.Xml.Linq.XElement,<>f__AnonymousType1`2[System.Int32,System.String]] }\t<>f__AnonymousType2<int,int,int,System.Collections.Generic.IEnumerable<<>f__AnonymousType1<int,string>>>\n+\t\t[8]\t{ LineNumberStart = 25, LineNumberEnd = 25, Visits = 0, TrackedMethodRefs = System.Linq.Enumerable+WhereSelectEnumerableIterator`2[System.Xml.Linq.XElement,<>f__AnonymousType1`2[System.Int32,System.String]] }\t<>f__AnonymousType2<int,int,int,System.Collections.Generic.IEnumerable<<>f__AnonymousType1<int,string>>>\n+\t\t[9]\t{ LineNumberStart = 27, LineNumberEnd = 27, Visits = 0, TrackedMethodRefs = System.Linq.Enumerable+WhereSelectEnumerableIterator`2[System.Xml.Linq.XElement,<>f__AnonymousType1`2[System.Int32,System.String]] }\t<>f__AnonymousType2<int,int,int,System.Collections.Generic.IEnumerable<<>f__AnonymousType1<int,string>>>\n+\t\t[10]\t{ LineNumberStart = 32, LineNumberEnd = 32, Visits = 0, TrackedMethodRefs = System.Linq.Enumerable+WhereSelectEnumerableIterator`2[System.Xml.Linq.XElement,<>f__AnonymousType1`2[System.Int32,System.String]] }\t<>f__AnonymousType2<int,int,int,System.Collections.Generic.IEnumerable<<>f__AnonymousType1<int,string>>>\n+\t\t[11]\t{ LineNumberStart = 33, LineNumberEnd = 33, Visits = 0, TrackedMethodRefs = System.Linq.Enumerable+WhereSelectEnumerableIterator`2[System.Xml.Linq.XElement,<>f__AnonymousType1`2[System.Int32,System.String]] }\t<>f__AnonymousType2<int,int,int,System.Collections.Generic.IEnumerable<<>f__AnonymousType1<int,string>>>\n+\t\t[12]\t{ LineNumberStart = 34, LineNumberEnd = 35, Visits = 0, TrackedMethodRefs = System.Linq.Enumerable+WhereSelectEnumerableIterator`2[System.Xml.Linq.XElement,<>f__AnonymousType1`2[System.Int32,System.String]] }\t<>f__AnonymousType2<int,int,int,System.Collections.Generic.IEnumerable<<>f__AnonymousType1<int,string>>>\n+\t\t[13]\t{ LineNumberStart = 35, LineNumberEnd = 35, Visits = 0, TrackedMethodRefs = System.Linq.Enumerable+WhereSelectEnumerableIterator`2[System.Xml.Linq.XElement,<>f__AnonymousType1`2[System.Int32,System.String]] }\t<>f__AnonymousType2<int,int,int,System.Collections.Generic.IEnumerable<<>f__AnonymousType1<int,string>>>\n+\t\t[14]\t{ LineNumberStart = 38, LineNumberEnd = 38, Visits = 0, TrackedMethodRefs = System.Linq.Enumerable+WhereSelectEnumerableIterator`2[System.Xml.Linq.XElement,<>f__AnonymousType1`2[System.Int32,System.String]] }\t<>f__AnonymousType2<int,int,int,System.Collections.Generic.IEnumerable<<>f__AnonymousType1<int,string>>>\n+\t\t[15]\t{ LineNumberStart = 39, LineNumberEnd = 39, Visits = 0, TrackedMethodRefs = System.Linq.Enumerable+WhereSelectEnumerableIterator`2[System.Xml.Linq.XElement,<>f__AnonymousType1`2[System.Int32,System.String]] }\t<>f__AnonymousType2<int,int,int,System.Collections.Generic.IEnumerable<<>f__AnonymousType1<int,string>>>\n+\t\t[16]\t{ LineNumberStart = 39, LineNumberEnd = 39, Visits = 0, TrackedMethodRefs = System.Linq.Enumerable+WhereSelectEnumerableIterator`2[System.Xml.Linq.XElement,<>f__AnonymousType1`2[System.Int32,System.String]] }\t<>f__AnonymousType2<int,int,int,System.Collections.Generic.IEnumerable<<>f__AnonymousType1<int,string>>>\n+\t\t[17]\t{ LineNumberStart = 40, LineNumberEnd = 40, Visits = 0, TrackedMethodRefs = System.Linq.Enumerable+WhereSelectEnumerableIterator`2[System.Xml.Linq.XElement,<>f__AnonymousType1`2[System.Int32,System.String]] }\t<>f__AnonymousType2<int,int,int,System.Collections.Generic.IEnumerable<<>f__AnonymousType1<int,string>>>\n+\t\t[18]\t{ LineNumberStart = 45, LineNumberEnd = 45, Visits = 0, TrackedMethodRefs = System.Linq.Enumerable+WhereSelectEnumerableIterator`2[System.Xml.Linq.XElement,<>f__AnonymousType1`2[System.Int32,System.String]] }\t<>f__AnonymousType2<int,int,int,System.Collections.Generic.IEnumerable<<>f__AnonymousType1<int,string>>>\n+\t\t[19]\t{ LineNumberStart = 46, LineNumberEnd = 46, Visits = 0, TrackedMethodRefs = System.Linq.Enumerable+WhereSelectEnumerableIterator`2[System.Xml.Linq.XElement,<>f__AnonymousType1`2[System.Int32,System.String]] }\t<>f__AnonymousType2<int,int,int,System.Collections.Generic.IEnumerable<<>f__AnonymousType1<int,string>>>\n+\t\t[20]\t{ LineNumberStart = 48, LineNumberEnd = 48, Visits = 0, TrackedMethodRefs = System.Linq.Enumerable+WhereSelectEnumerableIterator`2[System.Xml.Linq.XElement,<>f__AnonymousType1`2[System.Int32,System.String]] }\t<>f__AnonymousType2<int,int,int,System.Collections.Generic.IEnumerable<<>f__AnonymousType1<int,string>>>\n+\t\t[21]\t{ LineNumberStart = 48, LineNumberEnd = 48, Visits = 0, TrackedMethodRefs = System.Linq.Enumerable+WhereSelectEnumerableIterator`2[System.Xml.Linq.XElement,<>f__AnonymousType1`2[System.Int32,System.String]] }\t<>f__AnonymousType2<int,int,int,System.Collections.Generic.IEnumerable<<>f__AnonymousType1<int,string>>>\n+\t\t[22]\t{ LineNumberStart = 51, LineNumberEnd = 51, Visits = 0, TrackedMethodRefs = System.Linq.Enumerable+WhereSelectEnumerableIterator`2[System.Xml.Linq.XElement,<>f__AnonymousType1`2[System.Int32,System.String]] }\t<>f__AnonymousType2<int,int,int,System.Collections.Generic.IEnumerable<<>f__AnonymousType1<int,string>>>\n+\t\t[23]\t{ LineNumberStart = 52, LineNumberEnd = 52, Visits = 0, TrackedMethodRefs = System.Linq.Enumerable+WhereSelectEnumerableIterator`2[System.Xml.Linq.XElement,<>f__AnonymousType1`2[System.Int32,System.String]] }\t<>f__AnonymousType2<int,int,int,System.Collections.Generic.IEnumerable<<>f__AnonymousType1<int,string>>>\n+\t\t[24]\t{ LineNumberStart = 52, LineNumberEnd = 52, Visits = 0, TrackedMethodRefs = System.Linq.Enumerable+WhereSelectEnumerableIterator`2[System.Xml.Linq.XElement,<>f__AnonymousType1`2[System.Int32,System.String]] }\t<>f__AnonymousType2<int,int,int,System.Collections.Generic.IEnumerable<<>f__AnonymousType1<int,string>>>\n+\t\t[25]\t{ LineNumberStart = 53, LineNumberEnd = 53, Visits = 0, TrackedMethodRefs = System.Linq.Enumerable+WhereSelectEnumerableIterator`2[System.Xml.Linq.XElement,<>f__AnonymousType1`2[System.Int32,System.String]] }\t<>f__AnonymousType2<int,int,int,System.Collections.Generic.IEnumerable<<>f__AnonymousType1<int,string>>>\n+\t\t[26]\t{ LineNumberStart = 54, LineNumberEnd = 54, Visits = 0, TrackedMethodRefs = System.Linq.Enumerable+WhereSelectEnumerableIterator`2[System.Xml.Linq.XElement,<>f__AnonymousType1`2[System.Int32,System.String]] }\t<>f__AnonymousType2<int,int,int,System.Collections.Generic.IEnumerable<<>f__AnonymousType1<int,string>>>\n+\t\t[27]\t{ LineNumberStart = 57, LineNumberEnd = 60, Visits = 0, TrackedMethodRefs = System.Linq.Enumerable+WhereSelectEnumerableIterator`2[System.Xml.Linq.XElement,<>f__AnonymousType1`2[System.Int32,System.String]] }\t<>f__AnonymousType2<int,int,int,System.Collections.Generic.IEnumerable<<>f__AnonymousType1<int,string>>>\n+\t\t[28]\t{ LineNumberStart = 59, LineNumberEnd = 59, Visits = 0, TrackedMethodRefs = System.Linq.Enumerable+WhereSelectEnumerableIterator`2[System.Xml.Linq.XElement,<>f__AnonymousType1`2[System.Int32,System.String]] }\t<>f__AnonymousType2<int,int,int,System.Collections.Generic.IEnumerable<<>f__AnonymousType1<int,string>>>\r\n\r\n```\nThe sequence points have been sorted by start line, and the end line of the last item is taken as the upper limit - but the last two elements are 57->60 and 59->59, so the array is sized for 59.\n",
      "PostedDate": "2014-04-23T02:53:02.303-07:00",
      "Id": -2147483648
    },
    {
      "Message": "Ok, I did not think that something like this is possible...\nBut I will fix this as well.",
      "PostedDate": "2014-04-23T03:36:56.04-07:00",
      "Id": -2147483648
    },
    {
      "Message": "I hope this issue is finally fixed with Beta4.",
      "PostedDate": "2014-04-23T13:40:51.823-07:00",
      "Id": -2147483648
    },
    {
      "Message": "Confirmed. This now seems to work very well for F# code.\nAs a note, I use OpenCover and get the best results by not excluding the CompilerGenerated attribute, and by turning off optimization for the F# __test__ assemblies (otherwise the code under test can be inlined into the test cases, which I exclude from the coverage results)",
      "PostedDate": "2014-04-24T02:21:05.953-07:00",
      "Id": -2147483648
    },
    {
      "Message": "",
      "PostedDate": "2014-04-24T13:24:55.783-07:00",
      "Id": -2147483648
    }
  ]
}