{
  "WorkItem": {
    "AffectedComponent": {
      "Name": "",
      "DisplayName": ""
    },
    "ClosedComment": "Thanks for your feedback.This issue is not an error in ReportGenerator.If you take a look at the report generated by OpenCover, you will see some lists of files&#58;&#60;Files&#62; ... &#60;&#47;Files&#62;The abstract classes are not included in these lists, and therefore ReportGenerator does not know which files should be parsed.I would suggest to open an issue in the bugtracker of OpenCover&#58;https&#58;&#47;&#47;github.com&#47;sawilde&#47;opencover&#47;issues",
    "ClosedDate": "2011-10-28T00:30:52.707-07:00",
    "CommentCount": 0,
    "Custom": null,
    "Description": "I created a test fixture, NameValuePairFixture.cs. NUnit shows the three unit tests run. I run OpenCover using the NUnit project. The open cover results file includes references to the class. Report generator does not find the file.\n \nReport generator does not find the following source files (though they exist)\nAddress (an abstract class)\nAddressPhoneEmail (an abstract class)\nGender\nNameValuePair\nSearchItem\nSpecies\nUnit\n \nReport generator does find the following classes\nClient\nClinic\nPatient\nState (which descends from NameValuePair)\nUser\n \nIf the class implements an interface or descends from another class then ReportGenerator finds the file. If the class is a simple public class that does not implement an interface or descend from another class then it ReportGenerator does not find the file.",
    "LastUpdatedDate": "2013-05-16T02:56:12.76-07:00",
    "PlannedForRelease": "",
    "ReleaseVisibleToPublic": false,
    "Priority": {
      "Name": "Low",
      "Severity": 50,
      "Id": 1
    },
    "ProjectName": "reportgenerator",
    "ReportedDate": "2011-10-27T22:54:15.993-07:00",
    "Status": {
      "Name": "Closed",
      "Id": 4
    },
    "ReasonClosed": {
      "Name": "Unassigned"
    },
    "Summary": "Does not find tested files",
    "Type": {
      "Name": "Issue",
      "Id": 3
    },
    "VoteCount": 1,
    "Id": 8860
  },
  "FileAttachments": [
    {
      "FileId": 2795,
      "FileName": "JSM.IVF.Feeding.Calculator 2011 10 28.zip",
      "DownloadUrl": ".\\2795"
    }
  ],
  "Comments": [
    {
      "Message": "Nothing OpenCover can do as the information is not in the PDB.\r\n\r\nSince ReportGenerator already parses files to create a visualisation of coverage results. From the issue raised on GitHub.\r\n\r\n\"It may be possible for ReportGenerator to guess the name of the file based on the namespace of the class and the location of files that also exist in that namespace or perhaps use the project file to find the files that make the assembly and then find such classes.\"\r\n\r\nThe above may work for all the reporting types i.e. NCover, PartCover and OpenCover",
      "PostedDate": "2011-12-11T01:35:02.513-08:00",
      "Id": -2147483648
    },
    {
      "Message": "I'm thinking about implementing a way to guess file names, That would also resolve issue 8958 in a better way.",
      "PostedDate": "2011-12-11T02:02:27.407-08:00",
      "Id": -2147483648
    },
    {
      "Message": "",
      "PostedDate": "2013-02-14T13:16:48.51-08:00",
      "Id": -2147483648
    },
    {
      "Message": "",
      "PostedDate": "2013-05-16T02:56:12.76-07:00",
      "Id": -2147483648
    }
  ]
}