{
  "WorkItem": {
    "AffectedComponent": {
      "Name": "",
      "DisplayName": ""
    },
    "ClosedComment": "No feedback was provided.\n\nIf you are able to reproduce this, please create a new issue here:\nhttps://github.com/danielpalme/ReportGenerator/issues/",
    "ClosedDate": "2015-03-05T11:51:33.56-08:00",
    "CommentCount": 0,
    "Custom": null,
    "Description": "When having a symbolic link folder in your project, report generator iterates over all folders (including even ones that do not appear let's say in an OpenCover result xml), and when it gets to that folder it fails trying to enter the folder with wrong path.",
    "LastUpdatedDate": "2015-03-05T11:51:33.56-08:00",
    "PlannedForRelease": "",
    "ReleaseVisibleToPublic": false,
    "Priority": {
      "Name": "Unassigned",
      "Severity": 0,
      "Id": 0
    },
    "ProjectName": "reportgenerator",
    "ReportedDate": "2014-12-19T01:17:33.573-08:00",
    "Status": {
      "Name": "Closed",
      "Id": 4
    },
    "ReasonClosed": {
      "Name": "Unassigned"
    },
    "Summary": "When having a symbolic link folder generator fails",
    "Type": {
      "Name": "Unassigned",
      "Id": 5
    },
    "VoteCount": 1,
    "Id": 10858
  },
  "FileAttachments": [],
  "Comments": [
    {
      "Message": "Thanks for reporting this issue. I will look into this soon.",
      "PostedDate": "2014-12-23T12:44:11.963-08:00",
      "Id": -2147483648
    },
    {
      "Message": "I tried to reproduce this issue, but it seems to work on my machine (Windows 7).\nI created a symbolic link with _mklink /d pointer target_.\nReportGenerator iterates over the files and everything works fine.\r\n\r\nCan you please explain how I can reproduce this issue?",
      "PostedDate": "2015-01-07T04:28:17.94-08:00",
      "Id": -2147483648
    },
    {
      "Message": "",
      "PostedDate": "2015-03-05T11:51:33.56-08:00",
      "Id": -2147483648
    }
  ]
}