{
  "WorkItem": {
    "AffectedComponent": {
      "Name": "",
      "DisplayName": ""
    },
    "ClosedComment": "",
    "ClosedDate": "2015-02-26T12:50:03.093-08:00",
    "CommentCount": 0,
    "Custom": null,
    "Description": "When I run a report with one XML file, I get 80% and 90.8% coverage in a particular library. However, when I merge it with other XML files, the coverage goes down. Is there a way I can preserve code coverage when merging?",
    "LastUpdatedDate": "2015-02-26T12:50:03.093-08:00",
    "PlannedForRelease": "",
    "ReleaseVisibleToPublic": false,
    "Priority": {
      "Name": "Unassigned",
      "Severity": 0,
      "Id": 0
    },
    "ProjectName": "reportgenerator",
    "ReportedDate": "2015-02-25T13:21:42.947-08:00",
    "Status": {
      "Name": "Closed",
      "Id": 4
    },
    "ReasonClosed": {
      "Name": "Unassigned"
    },
    "Summary": "Merging XML files makes me lose coverage data",
    "Type": {
      "Name": "Unassigned",
      "Id": 5
    },
    "VoteCount": 1,
    "Id": 10888
  },
  "FileAttachments": [],
  "Comments": [
    {
      "Message": "Do the other XML files only cover your \"particular library\" or do they cover other libraries too?\nIf they cover other code too, then the overall coverage can be different from the coverage of a single XML file.\nBut the coverage you a particular library should never become lower with several xml files.\r\n\r\nCan you provide a concrete example?",
      "PostedDate": "2015-02-26T03:29:21.017-08:00",
      "Id": -2147483648
    },
    {
      "Message": "I would like to attach two XML files, but I also do not want to give away the code since it's proprietary. Only the HTML pages have the code, not the XML files. Correct?\r\n\r\nAlso, my XML files are 135MB each. Should I e-mail you a .zip file with the 2 XML files?",
      "PostedDate": "2015-02-26T06:05:01.49-08:00",
      "Id": -2147483648
    },
    {
      "Message": "The XML does not contain any code.\nCould you upload the XML files to Dropbox/Google Drive/Onedrive and share the link?\n270MB is too big for email.\r\n\r\nPlease send the link to:\ndanielpalme82 [at] gmail.com",
      "PostedDate": "2015-02-26T07:15:18-08:00",
      "Id": -2147483648
    },
    {
      "Message": "I created three reports. One for each XML alone, and one combined report.\r\n\r\nThe first XML does not yet cover all classes (compared to second XML).\nAnd the classes are not the same between the two test runs.\nThat means you have executed your tests against different versions of the same DLL.\r\n\r\nThat's the reason why some results look strange.\nOne class contains 9 coverable lines in the first run, 10 in the second and 16 in the combined report.\nThis looks strange at first glance. But it is correct, because the class was changed between test runs and the line order of some methods changed as well.\r\n\r\nMake sure your tests are executed against the same version of the DLL and your results will look fine again.",
      "PostedDate": "2015-02-26T12:49:33.247-08:00",
      "Id": -2147483648
    },
    {
      "Message": "",
      "PostedDate": "2015-02-26T12:50:03.093-08:00",
      "Id": -2147483648
    }
  ]
}