{
  "WorkItem": {
    "AffectedComponent": {
      "Name": "",
      "DisplayName": ""
    },
    "ClosedComment": "I'm closing this issue since it has been fixed in 01/2013 and no further feedback was provided.",
    "ClosedDate": "2014-06-23T23:35:04.99-07:00",
    "CommentCount": 0,
    "Custom": null,
    "Description": "When using OpenCover 4.5 to generate coverage the sequenceCoverage and branchCoverage attributes in the XML coverage file contain decimal values instead of integers. In OpenCoverParser.SetMethodMetrics it use int.Parse to get these values which causes an exception because of the decimal value of the attribute. If I modify this function to allow for decimals everything works ok.",
    "LastUpdatedDate": "2014-06-23T23:35:04.99-07:00",
    "PlannedForRelease": "",
    "ReleaseVisibleToPublic": false,
    "Priority": {
      "Name": "Unassigned",
      "Severity": 0,
      "Id": 0
    },
    "ProjectName": "reportgenerator",
    "ReportedDate": "2014-06-06T04:25:45.617-07:00",
    "Status": {
      "Name": "Closed",
      "Id": 4
    },
    "ReasonClosed": {
      "Name": "Unassigned"
    },
    "Summary": "XML Coverage File Parsing Error",
    "Type": {
      "Name": "Unassigned",
      "Id": 5
    },
    "VoteCount": 1,
    "Id": 10646
  },
  "FileAttachments": [],
  "Comments": [
    {
      "Message": "Hi,\r\n\r\nwhich version of ReportGenerator are you using?\nIf you have a look at the current source code, you will see that decimal.Parse is used:\nhttps://reportgenerator.codeplex.com/SourceControl/latest#trunk/ReportGenerator/Parser/OpenCoverParser.cs\r\n\r\nThis issue was reported and fixed in 01/2013, see https://reportgenerator.codeplex.com/workitem/9886 for details.\r\n\r\n",
      "PostedDate": "2014-06-06T05:08:34.023-07:00",
      "Id": -2147483648
    },
    {
      "Message": "",
      "PostedDate": "2014-06-23T23:35:04.99-07:00",
      "Id": -2147483648
    }
  ]
}