{
  "WorkItem": {
    "AffectedComponent": {
      "Name": "",
      "DisplayName": ""
    },
    "ClosedComment": "I fixed the issue by applying the same behavior that is used in PartCover reports.",
    "ClosedDate": "2011-12-31T03:19:54.783-08:00",
    "CommentCount": 0,
    "Custom": null,
    "Description": "I have several unit test projects that reference the same assembly, but each project is run from a different path. When merging the reports, the assemblies are reported separately, even though they are the same.\n \nI've had a look at the report generator code and it seems like it distinguishes assemblies by their path which gives the wrong impression.\n \nWhat's interesting is that this only affects the summary page - the per-class pages look at the source file paths instead, and those are the same for all assemblies.\n \nIn any case, I've attached a proof-of-concept patch which solves the problem for OpenCover (which is what I'm using) - it needs polishing and fixing for the other parsers, but it gives me the merged results I want at least =)",
    "LastUpdatedDate": "2013-05-16T02:56:11.9-07:00",
    "PlannedForRelease": "",
    "ReleaseVisibleToPublic": false,
    "Priority": {
      "Name": "Low",
      "Severity": 50,
      "Id": 1
    },
    "ProjectName": "reportgenerator",
    "ReportedDate": "2011-12-21T02:54:13.017-08:00",
    "Status": {
      "Name": "Closed",
      "Id": 4
    },
    "ReasonClosed": {
      "Name": "Unassigned"
    },
    "Summary": "Merging reports doesn't work when the same module is used from different paths",
    "Type": {
      "Name": "Issue",
      "Id": 3
    },
    "VoteCount": 1,
    "Id": 9041
  },
  "FileAttachments": [
    {
      "FileId": 2892,
      "FileName": "hash.diff",
      "DownloadUrl": ".\\2892"
    }
  ],
  "Comments": [
    {
      "Message": "Thanks for your patch. I will take a look at it (and also the other parsers). But it will take several days, since I'm quite busy at the moment.",
      "PostedDate": "2011-12-21T06:33:07.047-08:00",
      "Id": -2147483648
    },
    {
      "Message": "",
      "PostedDate": "2011-12-31T03:19:54.783-08:00",
      "Id": -2147483648
    },
    {
      "Message": "",
      "PostedDate": "2013-02-14T13:16:47.283-08:00",
      "Id": -2147483648
    },
    {
      "Message": "",
      "PostedDate": "2013-05-16T02:56:11.9-07:00",
      "Id": -2147483648
    }
  ]
}