{
  "WorkItem": {
    "AffectedComponent": {
      "Name": "",
      "DisplayName": ""
    },
    "ClosedComment": "Fixed in revision 72194",
    "ClosedDate": "2013-03-14T13:14:20.327-07:00",
    "CommentCount": 0,
    "Custom": null,
    "Description": "Please, consider adding a section to a report that would list top N methods/classes sorted by the number of uncovered lines.",
    "LastUpdatedDate": "2013-05-16T02:56:09.42-07:00",
    "PlannedForRelease": "",
    "ReleaseVisibleToPublic": false,
    "Priority": {
      "Name": "Low",
      "Severity": 50,
      "Id": 1
    },
    "ProjectName": "reportgenerator",
    "ReportedDate": "2013-01-24T15:31:14.453-08:00",
    "Status": {
      "Name": "Closed",
      "Id": 4
    },
    "ReasonClosed": {
      "Name": "Unassigned"
    },
    "Summary": "Feature request: Top N methods/classes to cover",
    "Type": {
      "Name": "Issue",
      "Id": 3
    },
    "VoteCount": 1,
    "Id": 9875
  },
  "FileAttachments": [],
  "Comments": [
    {
      "Message": "Thanks for your comment. I think this is a good idea. I will try to add this in the next release.",
      "PostedDate": "2013-01-28T01:14:28.823-08:00",
      "Id": -2147483648
    },
    {
      "Message": "",
      "PostedDate": "2013-02-14T13:16:44.393-08:00",
      "Id": -2147483648
    },
    {
      "Message": "Fixed in version 1.8.0.0. Currently a beta release is available.\r\n\r\nThe HTML report now contains more columns. You are able to sort the classes by the number of uncovered lines.\r\n\r\nPlease take a look at it and let me know if everything works as expected.\r\n\r\nThanks for your help.",
      "PostedDate": "2013-02-24T12:27:20.317-08:00",
      "Id": -2147483648
    },
    {
      "Message": "Very cool! Thank you! It will definitely work for classes. As for methods, it's not clear how useful such information would be.  ",
      "PostedDate": "2013-02-25T12:39:26.273-08:00",
      "Id": -2147483648
    },
    {
      "Message": "",
      "PostedDate": "2013-03-14T13:14:20.327-07:00",
      "Id": -2147483648
    },
    {
      "Message": "",
      "PostedDate": "2013-05-16T02:56:09.42-07:00",
      "Id": -2147483648
    }
  ]
}