{
  "WorkItem": {
    "AffectedComponent": {
      "Name": "",
      "DisplayName": ""
    },
    "ClosedComment": "",
    "ClosedDate": "2012-09-24T05:06:20.297-07:00",
    "CommentCount": 0,
    "Custom": null,
    "Description": "ReportGenerator does not work with XML generated by PartCover v4.0.20908\nAttached, generated html pages and xml file.",
    "LastUpdatedDate": "2013-05-16T02:56:10.46-07:00",
    "PlannedForRelease": "",
    "ReleaseVisibleToPublic": false,
    "Priority": {
      "Name": "Low",
      "Severity": 50,
      "Id": 1
    },
    "ProjectName": "reportgenerator",
    "ReportedDate": "2012-09-21T09:59:41.863-07:00",
    "Status": {
      "Name": "Closed",
      "Id": 4
    },
    "ReasonClosed": {
      "Name": "Unassigned"
    },
    "Summary": "0% coverage for xml generated by PartCover v4.0.20908",
    "Type": {
      "Name": "Issue",
      "Id": 3
    },
    "VoteCount": 1,
    "Id": 9649
  },
  "FileAttachments": [
    {
      "FileId": 3124,
      "FileName": "test.zip",
      "DownloadUrl": ".\\3124"
    }
  ],
  "Comments": [
    {
      "Message": "The report generated by PartCover does not contain any file paths. Therefore ReportGenerator can not locate the corresponding source files.\r\nSince you are using Nunit, you should use the /noshadow option. It should look like this:\r\nPartCover.exe --target nunit-console.exe --target-args \"Tests.dll /noshadow\" --output \"Coverage.xml\"\r\n\r\nYou could also try the \"-sourcedirs\" option of ReportGenerator, e.g.:\r\nReportGenerator -reports:Coverage.xml\" \"-targetdir:html\" \"-sourcedirs:C:\\MyProjectDirectory\"",
      "PostedDate": "2012-09-21T13:40:10.22-07:00",
      "Id": -2147483648
    },
    {
      "Message": "@gcampos:\r\nCould you please let me know, whether you were able to solve your problem?",
      "PostedDate": "2012-09-24T02:25:06.61-07:00",
      "Id": -2147483648
    },
    {
      "Message": "Now worked using the /noshadow option!\r\nVery nice!\r\n\r\nThank you very much!!!",
      "PostedDate": "2012-09-24T04:32:30.083-07:00",
      "Id": -2147483648
    },
    {
      "Message": "Now worked using the /noshadow option.\r\nVery nice!\r\n\r\nThank you very much!",
      "PostedDate": "2012-09-24T04:32:44.5-07:00",
      "Id": -2147483648
    },
    {
      "Message": "",
      "PostedDate": "2012-09-24T05:06:20.297-07:00",
      "Id": -2147483648
    },
    {
      "Message": "",
      "PostedDate": "2013-02-14T13:16:45.57-08:00",
      "Id": -2147483648
    },
    {
      "Message": "",
      "PostedDate": "2013-05-16T02:56:10.46-07:00",
      "Id": -2147483648
    }
  ]
}