{
  "WorkItem": {
    "AffectedComponent": {
      "Name": "",
      "DisplayName": ""
    },
    "ClosedComment": "",
    "ClosedDate": "2011-11-29T12:15:28.4-08:00",
    "CommentCount": 0,
    "Custom": null,
    "Description": "I think it would be useful to have assembly level covered lines and coverable lines in the Summary report.  \n \nAs a styling issue, I'd like to have the links styled green (100%) or red (0%) or something else (gradient? or maybe blue or purple? for partially covered).  At least set the class on the a tag or the row to allow for custom styling.",
    "LastUpdatedDate": "2013-05-16T02:56:12.34-07:00",
    "PlannedForRelease": "",
    "ReleaseVisibleToPublic": false,
    "Priority": {
      "Name": "Low",
      "Severity": 50,
      "Id": 1
    },
    "ProjectName": "reportgenerator",
    "ReportedDate": "2011-11-23T11:34:22.9-08:00",
    "Status": {
      "Name": "Closed",
      "Id": 4
    },
    "ReasonClosed": {
      "Name": "Unassigned"
    },
    "Summary": "Additional metrics in Summary plus styling change",
    "Type": {
      "Name": "Issue",
      "Id": 3
    },
    "VoteCount": 1,
    "Id": 8936
  },
  "FileAttachments": [],
  "Comments": [
    {
      "Message": "I'm thinking about generating a special report for each assembly.\r\nI will not style the links depending on the coverage, IMHO the \"progress bar\" is enough visual feedback.\r\nProviding a class for 100% and 0% would not be a problem, but what about all other values in between? Everybody likes other thresholds.",
      "PostedDate": "2011-11-27T10:46:11.97-08:00",
      "Id": -2147483648
    },
    {
      "Message": "I added some statistics of assemblies in changeset 63744.",
      "PostedDate": "2011-11-29T12:15:15.577-08:00",
      "Id": -2147483648
    },
    {
      "Message": "",
      "PostedDate": "2011-11-29T12:15:28.4-08:00",
      "Id": -2147483648
    },
    {
      "Message": "",
      "PostedDate": "2013-02-14T13:16:47.87-08:00",
      "Id": -2147483648
    },
    {
      "Message": "",
      "PostedDate": "2013-05-16T02:56:12.34-07:00",
      "Id": -2147483648
    }
  ]
}