{
  "WorkItem": {
    "AffectedComponent": {
      "Name": "",
      "DisplayName": ""
    },
    "ClosedComment": "Fixed in changeset 66372.Thanks for supplying such a big report, never had the chance to test with that many classes.A new release is available&#58; Version 1.2.7.0.Perhaps you could let me know how long report generation takes now. Thanks.",
    "ClosedDate": "2012-03-26T09:53:59.687-07:00",
    "CommentCount": 0,
    "Custom": null,
    "Description": "I have a 232 MB output file from OpenCover. The running of the ReportGenerator need more as 4h 40min. This is very slow.\n \nI know this is a large output file. But some related facts. The compiler need for the project on the same hardware 8 minutes. OpenCover need 45 minutes for instrumenting and running the test. But The ReportGenenrator need 4h 40 minutes.\n \nIf you need my output file for testing then I can upload it.",
    "LastUpdatedDate": "2013-05-16T02:56:11.037-07:00",
    "PlannedForRelease": "",
    "ReleaseVisibleToPublic": false,
    "Priority": {
      "Name": "Low",
      "Severity": 50,
      "Id": 1
    },
    "ProjectName": "reportgenerator",
    "ReportedDate": "2012-03-24T09:31:36.17-07:00",
    "Status": {
      "Name": "Closed",
      "Id": 4
    },
    "ReasonClosed": {
      "Name": "Unassigned"
    },
    "Summary": "Very Poor Performance",
    "Type": {
      "Name": "Issue",
      "Id": 3
    },
    "VoteCount": 1,
    "Id": 9266
  },
  "FileAttachments": [],
  "Comments": [
    {
      "Message": "That would be great. Please upload the coverage report.",
      "PostedDate": "2012-03-24T10:07:55.937-07:00",
      "Id": -2147483648
    },
    {
      "Message": "You can download it from http://www.file-upload.net/download-4210007/OpenCoverResultIkvm.zip.html\r\n",
      "PostedDate": "2012-03-24T12:44:19.373-07:00",
      "Id": -2147483648
    },
    {
      "Message": "Thanks for the report. I will have a look at it within the next days.",
      "PostedDate": "2012-03-25T01:55:34.73-07:00",
      "Id": -2147483648
    },
    {
      "Message": "",
      "PostedDate": "2012-03-26T09:53:59.687-07:00",
      "Id": -2147483648
    },
    {
      "Message": "Yes, it is fixed now. It run 4:30 minutes. The most time is needed for writing the 12,000 files which are 1.2 GB large.\r\nMany thanks.",
      "PostedDate": "2012-03-27T11:53:51.577-07:00",
      "Id": -2147483648
    },
    {
      "Message": "",
      "PostedDate": "2013-02-14T13:16:46.403-08:00",
      "Id": -2147483648
    },
    {
      "Message": "",
      "PostedDate": "2013-05-16T02:56:11.037-07:00",
      "Id": -2147483648
    }
  ]
}