{
  "WorkItem": {
    "AffectedComponent": {
      "Name": "",
      "DisplayName": ""
    },
    "ClosedComment": "Fixed in changeset &#35;71107.",
    "ClosedDate": "2012-11-26T11:44:03.67-08:00",
    "CommentCount": 0,
    "Custom": null,
    "Description": "Suppose in the report file that was generated by NCover 1.5.8 contain the attribute excluded=\"true\" However , ReportGenerator doesn't exclude it on the report. Please see the attached file.",
    "LastUpdatedDate": "2013-05-16T02:56:09.837-07:00",
    "PlannedForRelease": "",
    "ReleaseVisibleToPublic": false,
    "Priority": {
      "Name": "Low",
      "Severity": 50,
      "Id": 1
    },
    "ProjectName": "reportgenerator",
    "ReportedDate": "2012-11-25T19:18:33.85-08:00",
    "Status": {
      "Name": "Closed",
      "Id": 4
    },
    "ReasonClosed": {
      "Name": "Unassigned"
    },
    "Summary": "NCover 1.5.8 Exclude attribute is not handled.",
    "Type": {
      "Name": "Issue",
      "Id": 3
    },
    "VoteCount": 1,
    "Id": 9736
  },
  "FileAttachments": [
    {
      "FileId": 3179,
      "FileName": "NCoverExcludeAttribute.zip",
      "DownloadUrl": ".\\3179"
    }
  ],
  "Comments": []
}