{
  "WorkItem": {
    "AffectedComponent": {
      "Name": "",
      "DisplayName": ""
    },
    "ClosedComment": "Fixed in changeset 66906",
    "ClosedDate": "2012-04-21T05:42:53.11-07:00",
    "CommentCount": 0,
    "Custom": null,
    "Description": "Where ReportGenerator is searching for the source files? How can I set the locations of the different parts of source files? I can not find any information over it.",
    "LastUpdatedDate": "2013-05-16T02:56:11.183-07:00",
    "PlannedForRelease": "",
    "ReleaseVisibleToPublic": false,
    "Priority": {
      "Name": "Low",
      "Severity": 50,
      "Id": 1
    },
    "ProjectName": "reportgenerator",
    "ReportedDate": "2012-03-20T14:16:13.657-07:00",
    "Status": {
      "Name": "Closed",
      "Id": 4
    },
    "ReasonClosed": {
      "Name": "Unassigned"
    },
    "Summary": "File 'xyz' does not exist (any more).",
    "Type": {
      "Name": "Issue",
      "Id": 3
    },
    "VoteCount": 1,
    "Id": 9259
  },
  "FileAttachments": [],
  "Comments": [
    {
      "Message": "The path to the source files is retrieved from the reports generated by Partcover/OpenCover.\r\nIf a class is not covered by a test, the report does not contain the path to the source file.\r\n\r\nI plan to add a feature to ReportGenerator where I try to \"guess\" the missing paths. I will leave this issue open until this feature is implemented.",
      "PostedDate": "2012-03-21T01:09:42.073-07:00",
      "Id": -2147483648
    },
    {
      "Message": "The OpenCover output include only the filename without any path information. The path information is not part of the pdb files. Does ReportGenerator expected the source files in the current working directory? This is bad because in our 20.000 source files are also duplicates.\r\n\r\nIf you add this features it will be nice if there are multiple roots and if there is an option looking for packages.",
      "PostedDate": "2012-03-21T11:57:01.49-07:00",
      "Id": -2147483648
    },
    {
      "Message": "The OpenCover report contains the full path of the source files. Just search for '<Files>' in your report. Every file gets an ID which is used in the rest of the report. So ReportGenerator can use the full path. The working directory doesn't matter.\r\n\r\nI have not yet thought about implementation details, I will do so as soon as I find some free time.",
      "PostedDate": "2012-03-21T14:38:56.363-07:00",
      "Id": -2147483648
    },
    {
      "Message": "This depends on the used compiler. Here is a small result from my tests. http://www.file-upload.net/download-4205668/OpenCoverResult.zip.html\r\n\r\nYou can see self that there are no paths to the source files.",
      "PostedDate": "2012-03-22T14:00:55.62-07:00",
      "Id": -2147483648
    },
    {
      "Message": "This never happened in my projects. Which special settings do you use?",
      "PostedDate": "2012-03-23T03:38:52.973-07:00",
      "Id": -2147483648
    },
    {
      "Message": "I have speech with the author of the compiler (ikvmc) and he fix it in the compiler. Thanks for the tip. This solve the problem. You can close this ticket from my view.",
      "PostedDate": "2012-03-24T07:17:33.103-07:00",
      "Id": -2147483648
    },
    {
      "Message": "",
      "PostedDate": "2012-04-21T05:42:53.11-07:00",
      "Id": -2147483648
    },
    {
      "Message": "",
      "PostedDate": "2013-02-14T13:16:46.617-08:00",
      "Id": -2147483648
    },
    {
      "Message": "",
      "PostedDate": "2013-05-16T02:56:11.183-07:00",
      "Id": -2147483648
    }
  ]
}