{
  "WorkItem": {
    "AffectedComponent": {
      "Name": "",
      "DisplayName": ""
    },
    "ClosedComment": "Im closing this issue since a work around exists.",
    "ClosedDate": "2014-09-30T13:26:03.593-07:00",
    "CommentCount": 0,
    "Custom": null,
    "Description": "I’m using ReportGenerator with OpenCover in Cruisecontol.NET\n\nWhen I open report and go to any class from assembly – it show code correctly\nThe url to class is following:\nhttp://localhost/Cruisecontrol/server/local/project/Project1/build/log20140912143223Lbuild.2014.09.12.002.xml/RetrieveBuildFile.aspx?file=CoverageReport\\Assembly1_class1.htm\n\nWhen I enable filtering and go to the same class – the page is not displayed.\nThe url to this class is following:\nhttp://localhost/Cruisecontrol/server/local/project/Project1/build/log20140912143223Lbuild.2014.09.12.002.xml/Assembly1_class1.htm\n\nAs you can see – filtering removes ‘RetrieveBuildFile.aspx?file=CoverageReport\\’ from url\n\nWhen open report in browser (by opening index.htm) everything works fine.\n\nIt is reprodusing in v. 2.0.0 beta 7 and beta 8",
    "LastUpdatedDate": "2014-09-30T13:26:03.593-07:00",
    "PlannedForRelease": "",
    "ReleaseVisibleToPublic": false,
    "Priority": {
      "Name": "Unassigned",
      "Severity": 0,
      "Id": 0
    },
    "ProjectName": "reportgenerator",
    "ReportedDate": "2014-09-12T07:21:26.347-07:00",
    "Status": {
      "Name": "Closed",
      "Id": 4
    },
    "ReasonClosed": {
      "Name": "Unassigned"
    },
    "Summary": "Broken urls in Cruisecontol.NET report after enabling filter",
    "Type": {
      "Name": "Unassigned",
      "Id": 5
    },
    "VoteCount": 1,
    "Id": 10723
  },
  "FileAttachments": [],
  "Comments": [
    {
      "Message": "Just tested in 1.9 - it also doesn't work",
      "PostedDate": "2014-09-12T08:32:50.933-07:00",
      "Id": -2147483648
    },
    {
      "Message": "CCNET handles the links internally, before a HTML file is send to the client all URLs are rewritten. But this only works for static links. I f links are generated in JavaScript they are not rewritten.\r\n\r\nPlease have a look at my blog post (especially the comments):\nhttp://www.palmmedia.de/Blog/2012/9/27/cruisecontrol-net-integration-of-coverage-reports\r\n\r\nThe available download contains a script _RemoveScriptsFromReport.ps1_ that may help you.",
      "PostedDate": "2014-09-12T11:15:36.643-07:00",
      "Id": -2147483648
    },
    {
      "Message": "Thanks for your answer Daniel\r\n\r\nUnfortunately your solution is not suitable for me, because it removes ‘Enable filtering’ and ‘Collapse/Expand’ buttons.\nI am analyzing five assemblies that contain more than 2500 classes, so these buttons are very important for me.\n",
      "PostedDate": "2014-09-15T00:39:53.247-07:00",
      "Id": -2147483648
    },
    {
      "Message": "Then the only possibilty is to extract the links from the HTML report.\nI will see what I can do about that.",
      "PostedDate": "2014-09-15T01:19:26.453-07:00",
      "Id": -2147483648
    },
    {
      "Message": "Or perhaps Ryan's approach works for you: \nhttp://www.palmmedia.de/Blog/2012/9/27/cruisecontrol-net-integration-of-coverage-reports#comment8",
      "PostedDate": "2014-09-15T01:24:52.187-07:00",
      "Id": -2147483648
    },
    {
      "Message": "Ryan's approach works for me also. Thank you!",
      "PostedDate": "2014-09-15T05:30:08.033-07:00",
      "Id": -2147483648
    },
    {
      "Message": "",
      "PostedDate": "2014-09-30T13:26:03.593-07:00",
      "Id": -2147483648
    }
  ]
}