{
  "WorkItem": {
    "AffectedComponent": {
      "Name": "",
      "DisplayName": ""
    },
    "ClosedComment": "I took a look at the problem. In ReportGenerator 1.8.0.0 the links to the class reports are generated in JavaScript (if JavaScript is enabled).\nThose links are not rewritten by CruiseControl.NET. Only static links get changed.\n\nI would suggest to run a script after the HTML report is generated to comment out all scripts.\nThen the HTML links (which are rewritten) are used instead of the ones generated by the JavaScript.\nThat's not a perfect solution, since you won't be able to use the filtering and sorting capabilities in the Summary report.\nBut since JavaScript is not working, there's nothing I can do about it.\n\nI updated my blog post that shows the complete setup with a PowerShell script:\nhttp://www.palmmedia.de/Blog/2012/9/27/cruisecontrol-net-integration-of-coverage-reports",
    "ClosedDate": "2013-05-31T07:06:42.14-07:00",
    "CommentCount": 0,
    "Custom": null,
    "Description": "I was using an earlier version of ReportGenerator (1.6.1 or or 1.7.3. I overwrote it, so I'm not sure which). It worked just fine with CruiseControl.NET. I upgraded to 1.8.1 recently and now when you try to get the coverage details for a class, it gives an error.\n\nFor example, if I'm looking at the summary and I click on the link for: GEMS.Shared.Data.Filter.ANDFilter\n\nIt gives the error: Unknown object name : gems.shared_andfilter \n\nFor the reportgenerator I'm using the -reporttypes:HTML\n\nIn CruiseControl I'm using the htmlReportPlugin. \n\nIs there a fix for this?\n\nThanks",
    "LastUpdatedDate": "2013-05-31T14:47:35.677-07:00",
    "PlannedForRelease": "",
    "ReleaseVisibleToPublic": false,
    "Priority": {
      "Name": "Unassigned",
      "Severity": 0,
      "Id": 0
    },
    "ProjectName": "reportgenerator",
    "ReportedDate": "2013-05-29T07:35:10.517-07:00",
    "Status": {
      "Name": "Closed",
      "Id": 4
    },
    "ReasonClosed": {
      "Name": "Fixed"
    },
    "Summary": "No longer works with CruiseControl.NET",
    "Type": {
      "Name": "Unassigned",
      "Id": 5
    },
    "VoteCount": 1,
    "Id": 10145
  },
  "FileAttachments": [],
  "Comments": [
    {
      "Message": "Thanks for reporting the issue. I will try to reproduce it and then I will see what I can do about it.",
      "PostedDate": "2013-05-29T12:01:11.807-07:00",
      "Id": -2147483648
    },
    {
      "Message": "",
      "PostedDate": "2013-05-31T07:06:42.14-07:00",
      "Id": -2147483648
    },
    {
      "Message": "I rolled back to 1.7.3 and I'm happy enough with that. You might want to consider adding a command-line argument to do a JavaScript free version or to otherwise create a CruiseControl.NET compatible output.\r\n\r\nAnother thing that I think would be an improvement would be the ability to use filter files instead of putting them on the command-line. We have a fairly large namespace with auto-generated code in a number of places and it would be nice to filter all that out, but there's simply not enough room on the command-line to enumerate all the filters we'd need and the way the code is autogenerated, there's no way to wildcard it. \r\n\r\nThanks for looking into it.",
      "PostedDate": "2013-05-31T11:59:03.917-07:00",
      "Id": -2147483648
    },
    {
      "Message": "I don't like adding Comand-line arguments. If I would have added arguments for all the different requirements people have, then ReportGenerator would be really have a lot of them.\r\n\r\nBut I have plans to add some extension points to ReportGenerator, so you will have the possibility to generate custom reports and custom filtering (file based is a good idea!)\nBut this will take some time, since I'm pretty busy right now.",
      "PostedDate": "2013-05-31T14:47:35.677-07:00",
      "Id": -2147483648
    }
  ]
}