{
  "WorkItem": {
    "AffectedComponent": {
      "Name": "",
      "DisplayName": ""
    },
    "ClosedComment": "Fixed in revision 76112",
    "ClosedDate": "2015-01-07T11:58:45.353-08:00",
    "CommentCount": 0,
    "Custom": null,
    "Description": "I have created the following files:\n\n**Sample.cs**\n```cs\nusing System;\n\nnamespace SampleNamespace\n{\n    public abstract class Sample\n    {\n        public Sample()\n        {\n            Console.WriteLine(\"Sample constructed\");\n        }\n\n        public abstract void Method1();\n        public abstract void Method2();\n    }\n\n    public class SampleImpl1 : Sample\n    {\n        public SampleImpl1()\n            : base()\n        {\n            Console.WriteLine(\"SampleImpl1 constructed\");\n        }\n\n\n        public override void Method1()\n        {\n            throw new NotImplementedException();\n        }\n\n        public override void Method2()\n        {\n            throw new NotImplementedException();\n        }\n    }\n\n    public class SampleImpl2 : Sample\n    {\n        public SampleImpl2()\n            : base()\n        {\n            Console.WriteLine(\"SampleImpl2 constructed\");\n        }\n\n\n        public override void Method1()\n        {\n            throw new NotImplementedException();\n        }\n\n        public override void Method2()\n        {\n            throw new NotImplementedException();\n        }\n    }\n}\n```\n\n**SampleImpl3.cs**\n```cs\nusing System;\n\nnamespace SampleNamespace\n{\n    public class SampleImpl3 : Sample\n    {\n        public SampleImpl3()\n            : base()\n        {\n            Console.WriteLine(\"SampleImpl3 constructed\");\n        }\n\n\n        public override void Method1()\n        {\n            throw new NotImplementedException();\n        }\n\n        public override void Method2()\n        {\n            throw new NotImplementedException();\n        }\n    }\n}\n```\n\n**SampleTests.cs**\n```cs\nusing NUnit.Framework;\nusing SampleNamespace;\n\nnamespace SampleNamespaceTests\n{\n    public class SampleTests\n    {\n        [Test]\n        public void TestSample()\n        {\n            var impl1 = new SampleImpl1();\n            var impl2 = new SampleImpl2();\n            var impl3 = new SampleImpl3();\n        }\n    }\n}\n```\n\nHere there is one file containing an abstract class and two classes that extend that abstract class and another file containing one class that extends the abstract class. The test simply exercise the classes.\n\nThe tests are run using nunit and OpenCover. The XML report is then fed in to ReportGenerator.\n\nThe issue is that, in the report generated by ReportGenerator, the details related to the two classes in the same file as the abstract class are reported twice - once for the abstract class itself and again for each class on it's own.\n\nFirst submitted as ticket against OpenCover (see [#245](https://github.com/OpenCover/opencover/issues/245)).",
    "LastUpdatedDate": "2015-01-16T01:10:02.683-08:00",
    "PlannedForRelease": "",
    "ReleaseVisibleToPublic": false,
    "Priority": {
      "Name": "Unassigned",
      "Severity": 0,
      "Id": 0
    },
    "ProjectName": "reportgenerator",
    "ReportedDate": "2014-12-12T02:01:17.37-08:00",
    "Status": {
      "Name": "Closed",
      "Id": 4
    },
    "ReasonClosed": {
      "Name": "Fixed"
    },
    "Summary": "Putting multiple classes in the same file results in those classes being counted twice",
    "Type": {
      "Name": "Unassigned",
      "Id": 5
    },
    "VoteCount": 1,
    "Id": 10849
  },
  "FileAttachments": [
    {
      "FileId": 5727,
      "FileName": "opencover_report.xml",
      "DownloadUrl": ".\\5727"
    }
  ],
  "Comments": [
    {
      "Message": "Let's assume that each file has 10 lines of code and the following class/file structure:\nClassA -> _File1.cs_\nClassB -> _File2.cs_\nClassC -> _File2.cs_\r\n\r\nCurrently the report shows the following values for \"__Total Lines__\":\nClassA -> 10\nClassB -> 10\nClassC -> 10\nSummary -> 30\r\n\r\nThe value for the summary is not correct, _File2.cs_ is counted twice.\nBut the total number of lines is equal to the sum of all classes.\r\n\r\nIf I change the implementation, so that Summary shows 20 lines in total, this won't be true any more.\n10 + 10 + 10 != 20\r\n\r\nI'm not sure if this would confuse somebody else?!\n__What do you think?__",
      "PostedDate": "2014-12-15T04:02:21.237-08:00",
      "Id": -2147483648
    },
    {
      "Message": "Well the problem there as well is that the total number of lines for ClassB and ClassC are incorrect, as _File2.cs_ has 10 lines __in total__.  Here, I would expect to see for \"__Total Lines__\" something more like:\nClassA -> 10\nClassB -> 5\nClassC -> 5\nSummary -> 20\r\n\r\nIt might need to do a bit more to work out the number of lines for a class, rather than taking the number of lines in the file?",
      "PostedDate": "2014-12-16T02:08:57.607-08:00",
      "Id": -2147483648
    },
    {
      "Message": "Counting the lines of a class is not that easy. E.g. _using_ statements are shared for all classes in a file.\nI'm not sure if it is really worth the effort.\nBut there is already a very similar metric for that: \"__Coverable lines__\"\r\n\r\nAnd if you place each class in a separate file the \"__Totol lines__\" metric is also correct.",
      "PostedDate": "2014-12-16T03:05:15.017-08:00",
      "Id": -2147483648
    },
    {
      "Message": "The \"__Coverable lines__\" metric is actually the metric that we're having issues with. The coverable lines metric for the first class in a file always includes the number of coverable lines for all other classes in that file. For instance, using the example above, coverable lines would be:\nClassA -> 10\nClassB -> 10\nClassC -> 5\nTotal -> __25__\r\n\r\nYou're completely correct in that there is an easy solution here - put classes in their own file :) We were simply trying to point out the issue. It's not a major issue for us, as we can accept that the results are a little out and that we could fix them by moving classes in to separate files.",
      "PostedDate": "2014-12-16T03:54:11.103-08:00",
      "Id": -2147483648
    },
    {
      "Message": "Could you please test again with this release:\nhttps://www.nuget.org/packages/ReportGenerator/2.0.4-beta1",
      "PostedDate": "2014-12-30T12:19:59-08:00",
      "Id": -2147483648
    },
    {
      "Message": "",
      "PostedDate": "2015-01-07T11:58:45.353-08:00",
      "Id": -2147483648
    },
    {
      "Message": "Hi,\r\n\r\nThanks for that, I've had a chance to try the latest release and the covered/coverable lines metrics work as expected :)\r\n\r\nThere does seem to be a problem with the total lines metric though, but I raise that as a new issue.",
      "PostedDate": "2015-01-16T01:10:02.683-08:00",
      "Id": -2147483648
    }
  ]
}