{
  "WorkItem": {
    "AffectedComponent": {
      "Name": "",
      "DisplayName": ""
    },
    "ClosedComment": "",
    "ClosedDate": "2011-09-01T11:16:02.09-07:00",
    "CommentCount": 0,
    "Custom": null,
    "Description": "NCover 1.5.4 output sometimes includes magic numbers in line and endline attributes of seqpoint element:\n \n      <seqpnt visitcount=\"0\" line=\"16707566\" column=\"0\" endline=\"16707566\" endcolumn=\"0\" excluded=\"false\" document=\"c:\\dev\\somefile.cs\" />\n \nReportGenerator/NCoverParser constructor fails with OutOfMemory exception if it's the last line's seqpoint for a method.\n \nNot sure what the magic number means for NCover reports.\nThis can be quickly fixed by filtering out the seqpoints with the magic number like following:\n...\n.Where(seqpnt => seqpnt.Attribute(\"document\").Value.Equals(file) && seqpnt.Attribute(\"line\").Value != \"16707566\")\n...",
    "LastUpdatedDate": "2013-05-16T02:56:13.057-07:00",
    "PlannedForRelease": "",
    "ReleaseVisibleToPublic": false,
    "Priority": {
      "Name": "Low",
      "Severity": 50,
      "Id": 1
    },
    "ProjectName": "reportgenerator",
    "ReportedDate": "2011-08-30T08:21:36.193-07:00",
    "Status": {
      "Name": "Closed",
      "Id": 4
    },
    "ReasonClosed": {
      "Name": "Unassigned"
    },
    "Summary": "OutOfMemoryException on a seqpoint with a magic line",
    "Type": {
      "Name": "Issue",
      "Id": 3
    },
    "VoteCount": 1,
    "Id": 8653
  },
  "FileAttachments": [],
  "Comments": [
    {
      "Message": "Thanks for reporting this issue. Have you also tried NCover 1.5.8? This is the latest NCover version, that is available for free. ",
      "PostedDate": "2011-08-30T09:59:15.73-07:00",
      "Id": -2147483648
    },
    {
      "Message": "Fixed in changeset 61913",
      "PostedDate": "2011-09-01T11:15:42.003-07:00",
      "Id": -2147483648
    },
    {
      "Message": "",
      "PostedDate": "2011-09-01T11:16:02.09-07:00",
      "Id": -2147483648
    },
    {
      "Message": "",
      "PostedDate": "2013-02-14T13:16:48.837-08:00",
      "Id": -2147483648
    },
    {
      "Message": "",
      "PostedDate": "2013-05-16T02:56:13.057-07:00",
      "Id": -2147483648
    }
  ]
}