{
  "WorkItem": {
    "AffectedComponent": {
      "Name": "",
      "DisplayName": ""
    },
    "ClosedComment": "",
    "ClosedDate": "2014-10-06T03:28:05.2-07:00",
    "CommentCount": 0,
    "Custom": null,
    "Description": "Calling the ReportGenerator task in 2.0.0-beta9 is failing with the following log (with binding failure logging turned on through fuslogvw.exe)\n```\nC:\\Mercurial\\MPM\\OpenCover.proj(87,3): error MSB4018: The \"ReportGenerator\" task failed unexpectedly.\nC:\\Mercurial\\MPM\\OpenCover.proj(87,3): error MSB4018: System.IO.FileNotFoundException: Could not load file or assembly 'ICSharpCode.NRefactory, Version=5.0.0.0, Culture=neutral, PublicKeyToken=d4bfe873e7598c49' or one of its dependencies. The system cannot find the file specified.\nC:\\Mercurial\\MPM\\OpenCover.proj(87,3): error MSB4018: File name: 'ICSharpCode.NRefactory, Version=5.0.0.0, Culture=neutral, PublicKeyToken=d4bfe873e7598c49'\nC:\\Mercurial\\MPM\\OpenCover.proj(87,3): error MSB4018:    at Palmmedia.ReportGenerator.Parser.Preprocessing.CodeAnalysis.SourceCodeAnalyzer.FindSourceElement(String filename, SourceElement sourceElement)\nC:\\Mercurial\\MPM\\OpenCover.proj(87,3): error MSB4018:    at Palmmedia.ReportGenerator.Parser.Preprocessing.ReportPreprocessorBase.<>c__DisplayClass1.<SearchElement>b__0()\nC:\\Mercurial\\MPM\\OpenCover.proj(87,3): error MSB4018:    at Palmmedia.ReportGenerator.Parser.Preprocessing.ReportPreprocessorBase.SearchElement(SourceElement sourceElement, Dictionary`2 filenameByFileIdDictionary, IEnumerable`1 fileIdsOfClass, XContainer reportElement, Action`3 updateReportElement, XContainer filesContainer)\nC:\\Mercurial\\MPM\\OpenCover.proj(87,3): error MSB4018:    at Palmmedia.ReportGenerator.Parser.Preprocessing.OpenCoverReportPreprocessor.AddCoverageDataOfAutoProperties(XElement module)\nC:\\Mercurial\\MPM\\OpenCover.proj(87,3): error MSB4018:    at Palmmedia.ReportGenerator.Parser.Preprocessing.OpenCoverReportPreprocessor.Execute()\nC:\\Mercurial\\MPM\\OpenCover.proj(87,3): error MSB4018:    at Palmmedia.ReportGenerator.Parser.ParserFactory.GetParsersOfFile(String reportFile, ClassSearcherFactory classSearcherFactory, ClassSearcher globalClassSearcher)\nC:\\Mercurial\\MPM\\OpenCover.proj(87,3): error MSB4018:    at Palmmedia.ReportGenerator.Parser.ParserFactory.CreateParser(IEnumerable`1 reportFiles, IEnumerable`1 sourceDirectories)\nC:\\Mercurial\\MPM\\OpenCover.proj(87,3): error MSB4018:    at Palmmedia.ReportGenerator.Program.Execute(ReportConfiguration configuration)\nC:\\Mercurial\\MPM\\OpenCover.proj(87,3): error MSB4018:    at Palmmedia.ReportGenerator.MSBuild.ReportGenerator.Execute()\nC:\\Mercurial\\MPM\\OpenCover.proj(87,3): error MSB4018:    at Microsoft.Build.BackEnd.TaskExecutionHost.Microsoft.Build.BackEnd.ITaskExecutionHost.Execute()\nC:\\Mercurial\\MPM\\OpenCover.proj(87,3): error MSB4018:    at Microsoft.Build.BackEnd.TaskBuilder.<ExecuteInstantiatedTask>d__20.MoveNext()\nC:\\Mercurial\\MPM\\OpenCover.proj(87,3): error MSB4018: \nC:\\Mercurial\\MPM\\OpenCover.proj(87,3): error MSB4018: === Pre-bind state information ===\nC:\\Mercurial\\MPM\\OpenCover.proj(87,3): error MSB4018: LOG: DisplayName = ICSharpCode.NRefactory, Version=5.0.0.0, Culture=neutral, PublicKeyToken=d4bfe873e7598c49\nC:\\Mercurial\\MPM\\OpenCover.proj(87,3): error MSB4018:  (Fully-specified)\nC:\\Mercurial\\MPM\\OpenCover.proj(87,3): error MSB4018: LOG: Appbase = file:///C:/Program Files (x86)/MSBuild/12.0/bin/\nC:\\Mercurial\\MPM\\OpenCover.proj(87,3): error MSB4018: LOG: Initial PrivatePath = NULL\nC:\\Mercurial\\MPM\\OpenCover.proj(87,3): error MSB4018: Calling assembly : (Unknown).\nC:\\Mercurial\\MPM\\OpenCover.proj(87,3): error MSB4018: ===\nC:\\Mercurial\\MPM\\OpenCover.proj(87,3): error MSB4018: LOG: This bind starts in default load context.\nC:\\Mercurial\\MPM\\OpenCover.proj(87,3): error MSB4018: LOG: Using application configuration file: C:\\Program Files (x86)\\MSBuild\\12.0\\bin\\MSBuild.exe.Config\nC:\\Mercurial\\MPM\\OpenCover.proj(87,3): error MSB4018: LOG: Using host configuration file: \nC:\\Mercurial\\MPM\\OpenCover.proj(87,3): error MSB4018: LOG: Using machine configuration file from C:\\Windows\\Microsoft.NET\\Framework\\v4.0.30319\\config\\machine.config.\nC:\\Mercurial\\MPM\\OpenCover.proj(87,3): error MSB4018: LOG: Post-policy reference: ICSharpCode.NRefactory, Version=5.0.0.0, Culture=neutral, PublicKeyToken=d4bfe873e7598c49\nC:\\Mercurial\\MPM\\OpenCover.proj(87,3): error MSB4018: LOG: The same bind was seen before, and was failed with hr = 0x80070002.\nC:\\Mercurial\\MPM\\OpenCover.proj(87,3): error MSB4018: \n```",
    "LastUpdatedDate": "2014-10-06T03:28:05.2-07:00",
    "PlannedForRelease": "",
    "ReleaseVisibleToPublic": false,
    "Priority": {
      "Name": "Unassigned",
      "Severity": 0,
      "Id": 0
    },
    "ProjectName": "reportgenerator",
    "ReportedDate": "2014-09-30T03:22:20.043-07:00",
    "Status": {
      "Name": "Closed",
      "Id": 4
    },
    "ReasonClosed": {
      "Name": "Fixed"
    },
    "Summary": "msbuild task has FileNotFoundException on ICSharpCode.NRefactory",
    "Type": {
      "Name": "Unassigned",
      "Id": 5
    },
    "VoteCount": 1,
    "Id": 10735
  },
  "FileAttachments": [],
  "Comments": [
    {
      "Message": "Thanks for reporting this issue.\nI can reproduce it on my machine.\nBut I'm not yet sure what causes this issue. The dependencies didn't change since the last release (1.9.1.0) and the last release is working fine.\r\n\r\nHave to investigate further.",
      "PostedDate": "2014-09-30T13:24:53.92-07:00",
      "Id": -2147483648
    },
    {
      "Message": "I fixed the issue in revision 75526.\nIt would be great if you could test the latest beta release (Beta 10).",
      "PostedDate": "2014-10-02T13:09:43.98-07:00",
      "Id": -2147483648
    },
    {
      "Message": "Verified fixed in 2.0.0-beta10\r\n\r\nThanks!",
      "PostedDate": "2014-10-03T01:15:12.103-07:00",
      "Id": -2147483648
    },
    {
      "Message": "",
      "PostedDate": "2014-10-06T03:28:05.2-07:00",
      "Id": -2147483648
    }
  ]
}