{
  "WorkItem": {
    "AffectedComponent": {
      "Name": "",
      "DisplayName": ""
    },
    "ClosedComment": "ReportGenerator, does a line analysis. That means for every line in a source file, ReportGenerator gets the coverage information from the PartCover report.The PartCoverBrowser performs a method analysis. That means it gets the coverage information per method.In some cases that works better, especially with Getter&#47;Setters and AutoProperties.But both approaches are &#34;correct&#34;, the report generated by PartCover are simply not detailed enough to produce correct information in all cases.Have a look at OpenCover &#40;https&#58;&#47;&#47;github.com&#47;sawilde&#47;opencover&#41;, it produces better results. And the developer of OpenCover wants to add support for getters&#47;setters as well.",
    "ClosedDate": "2011-07-21T02:01:01.847-07:00",
    "CommentCount": 0,
    "Custom": null,
    "Description": "Hi,\nI'm using PartCover to do the coverage analysis. I could see some coverage numbers for all of the assemblies(both test dll and the code dll). \nNow i have used the output xml from part cover and generated HTML output. the coverage numbers are not matching from PartCover and the HTML output.\nAttached is a document which has the screen shots on output of both partcover and report generator\n \nPlease correct me if my understanding is incorrect in this comparison",
    "LastUpdatedDate": "2013-05-16T02:56:13.223-07:00",
    "PlannedForRelease": "",
    "ReleaseVisibleToPublic": false,
    "Priority": {
      "Name": "Low",
      "Severity": 50,
      "Id": 1
    },
    "ProjectName": "reportgenerator",
    "ReportedDate": "2011-07-20T06:22:50.95-07:00",
    "Status": {
      "Name": "Closed",
      "Id": 4
    },
    "ReasonClosed": {
      "Name": "Unassigned"
    },
    "Summary": "Coverage details are not matching between PartCover output and ReportGenerator output",
    "Type": {
      "Name": "Issue",
      "Id": 3
    },
    "VoteCount": 1,
    "Id": 8503
  },
  "FileAttachments": [
    {
      "FileId": 2673,
      "FileName": "differences.docx",
      "DownloadUrl": ".\\2673"
    }
  ],
  "Comments": [
    {
      "Message": "The support for auto properties is already announced for OpenCover: https://github.com/sawilde/opencover/wiki/Code-Coverage",
      "PostedDate": "2011-07-21T02:04:54.377-07:00",
      "Id": -2147483648
    },
    {
      "Message": "",
      "PostedDate": "2013-02-14T13:16:49.047-08:00",
      "Id": -2147483648
    },
    {
      "Message": "",
      "PostedDate": "2013-05-16T02:56:13.223-07:00",
      "Id": -2147483648
    }
  ]
}