{
  "WorkItem": {
    "AffectedComponent": {
      "Name": "",
      "DisplayName": ""
    },
    "ClosedComment": "Fixed in changeset 72396.\nPlease update to ReportGenerator 1.8.1.0",
    "ClosedDate": "2013-04-02T11:57:54.71-07:00",
    "CommentCount": 0,
    "Custom": null,
    "Description": "For a class which consists of only automatic get; set; properties, the coverage statistics show 0 covered and 0 uncovered of a possible 0 giving coverage of 0%.\n\nSince there's no code there to test, it would be nice if 0 of 0 was interpreted as 100% rather than 0%, so the coverage bar could be green instead of red.",
    "LastUpdatedDate": "2013-05-16T02:56:08.13-07:00",
    "PlannedForRelease": "",
    "ReleaseVisibleToPublic": false,
    "Priority": {
      "Name": "Unassigned",
      "Severity": 0,
      "Id": 0
    },
    "ProjectName": "reportgenerator",
    "ReportedDate": "2013-03-28T10:08:11.027-07:00",
    "Status": {
      "Name": "Closed",
      "Id": 4
    },
    "ReasonClosed": {
      "Name": "Unassigned"
    },
    "Summary": "Class with all auto-properties shows 0% coverage",
    "Type": {
      "Name": "Issue",
      "Id": 3
    },
    "VoteCount": 1,
    "Id": 9988
  },
  "FileAttachments": [
    {
      "FileId": 3295,
      "FileName": "CoverageTest.7z",
      "DownloadUrl": ".\\3295"
    }
  ],
  "Comments": [
    {
      "Message": "Are you using OpenCover?\nAre you using the latest release of ReportGenerator (version 1.8.0.0)?\r\n\r\nCould you provide me your coverage file and the source code of the class containing only auto properties?",
      "PostedDate": "2013-03-28T12:26:54.283-07:00",
      "Id": -2147483648
    },
    {
      "Message": "",
      "PostedDate": "2013-04-02T02:05:29.35-07:00",
      "Id": -2147483648
    },
    {
      "Message": "Hi Daniel, yes it was version 1.8.0.0\r\n\r\nI've attached a repro case including the coverage file (in the OpenCover subfolder). It wasn't a class containing only atuto-properties after all - it was an empty class, but I noticed that another type of class with no sequence points _is_ shown as 100% covered (also included in the attached archive).\r\n\r\nIf you want to regenerate the coverage, build the solution in Release and then run msbuild Cover.proj, but you'll need to add back in the NuGet packages for NUnit, Nunit.Runners, OpenCover and ReportGenerator because they're not in the attached archive.",
      "PostedDate": "2013-04-02T02:05:34.06-07:00",
      "Id": -2147483648
    },
    {
      "Message": "",
      "PostedDate": "2013-04-02T11:57:54.71-07:00",
      "Id": -2147483648
    },
    {
      "Message": "0 of 0 now showing as an empty bar for both cases. \nThanks for the fix.",
      "PostedDate": "2013-04-03T02:31:07.693-07:00",
      "Id": -2147483648
    },
    {
      "Message": "",
      "PostedDate": "2013-05-16T02:56:08.13-07:00",
      "Id": -2147483648
    }
  ]
}