{
  "WorkItem": {
    "AffectedComponent": {
      "Name": "",
      "DisplayName": ""
    },
    "ClosedComment": "Thanks for the support. The issue is fixed in changeset #71760.",
    "ClosedDate": "2013-01-30T12:05:47.48-08:00",
    "CommentCount": 0,
    "Custom": null,
    "Description": "When I try to generate the reports out of a xml file generated from OpenCover 4.0.1229 I get the following error:\n\nUnhandled Exception: System.AggregateException: One or more errors occurred. --->\nSystem.AggregateException: One or more errors occurred. --->\nSystem.FormatException: Input string was not in a correct format. \nat System.Number.StringToNumber(String str, NumberStyles options, NumberBuffer& number, NumberFormatInfo info, Boolean parseDecimal)\n\nWhen I execute the tool to get the reports from an earlier version of OpenCover, everything runs OK.",
    "LastUpdatedDate": "2013-05-16T02:56:09.27-07:00",
    "PlannedForRelease": "",
    "ReleaseVisibleToPublic": false,
    "Priority": {
      "Name": "Low",
      "Severity": 50,
      "Id": 1
    },
    "ProjectName": "reportgenerator",
    "ReportedDate": "2013-01-29T13:13:52.963-08:00",
    "Status": {
      "Name": "Closed",
      "Id": 4
    },
    "ReasonClosed": {
      "Name": "Unassigned"
    },
    "Summary": "Report generator not working for OpenCover 4.0.1229",
    "Type": {
      "Name": "Issue",
      "Id": 3
    },
    "VoteCount": 3,
    "Id": 9886
  },
  "FileAttachments": [
    {
      "FileId": 3230,
      "FileName": "coverage.xml",
      "DownloadUrl": ".\\3230"
    }
  ],
  "Comments": [
    {
      "Message": "Thanks for submitting this issue. This will be fixed soon.",
      "PostedDate": "2013-01-29T13:34:29.66-08:00",
      "Id": -2147483648
    },
    {
      "Message": "Same here, when useful additional info:\r\n\r\nI receive an AggregrateException, which seems to boil down to a FormatException, while parsing OpenCover / MsTest for VS2012 generated test results file.\r\n\r\nI'm using OpenCover.4.0.1229 with ReportGenerator.1.7.2.0\r\n\r\nThis does not seem to happen with all coverage xml files, but it does with multiple of my unit test results files.\r\n\r\nAnything I can do here? I can eliver my code coverage xml files when it would help. (they do not seem to be erratic at the first glance)\r\n\r\nSee stack trace:\r\n\r\n```\n   at System.Number.StringToNumber(String str, NumberStyles options, NumberBuffer& number, NumberFormatInfo info, Boolean parseDecimal)\n   at System.Number.ParseInt32(String s, NumberStyles style, NumberFormatInfo info)\n   at System.Linq.Enumerable.WhereSelectEnumerableIterator`2.MoveNext()\n   at System.Linq.Enumerable.Max(IEnumerable`1 source)\n   at Palmmedia.ReportGenerator.Parser.OpenCoverParser.SetMethodMetrics(IEnumerable`1 methods, Class class)\n   at Palmmedia.ReportGenerator.Parser.OpenCoverParser.ProcessFile(HashSet`1 fileIds, Class class, String filePath)\n   at Palmmedia.ReportGenerator.Parser.OpenCoverParser.ProcessClass(Dictionary`2 fileIdsByFilename, Assembly assembly, String className)\n   at Palmmedia.ReportGenerator.Parser.OpenCoverParser.<>c__DisplayClass25.<ProcessAssembly>b__1d(String className)\n   at System.Threading.Tasks.Parallel.<>c__DisplayClassf`1.<ForWorker>b__c()\n   at System.Threading.Tasks.Task.InnerInvokeWithArg(Task childTask)\n   at System.Threading.Tasks.Task.<>c__DisplayClass10.<ExecuteSelfReplicating>b__f(Object param0)\r\n\r\n```\n",
      "PostedDate": "2013-01-29T14:28:39.993-08:00",
      "Id": -2147483648
    },
    {
      "Message": "",
      "PostedDate": "2013-01-29T14:29:03.82-08:00",
      "Id": -2147483648
    },
    {
      "Message": "Thanks for the fast reply. 😃",
      "PostedDate": "2013-01-29T14:37:32.043-08:00",
      "Id": -2147483648
    },
    {
      "Message": "@Atrejoe:\nCoverage files are always welcome. Could you please provide me your file (Dropbox, FTP, Google Drive etc)?",
      "PostedDate": "2013-01-29T23:30:22.857-08:00",
      "Id": -2147483648
    },
    {
      "Message": "I fixed the issue and will publish a new release in the evening.",
      "PostedDate": "2013-01-30T05:25:51.72-08:00",
      "Id": -2147483648
    },
    {
      "Message": "",
      "PostedDate": "2013-01-30T09:35:15.497-08:00",
      "Id": -2147483648
    },
    {
      "Message": "",
      "PostedDate": "2013-01-30T09:40:50.723-08:00",
      "Id": -2147483648
    },
    {
      "Message": "Hi, I also had this issue and hacked a quick fix: in OpenCoverParser.SetMethodMetrics, some int.Parse calls (the ones for sequenceCoverage and branchCoverage) fail because the input data contains a double value. To overcome this, I simply wrote this:\r\n\r\n```\nFunc<string, int> parseDoubleToInt = s =>\n{\n\tvar d = double.Parse(s, CultureInfo.InvariantCulture);\n\treturn (int)Math.Round(d);\n};\r\n\r\nvar metrics = new[] \n{ \n\tnew Metric(\n\t\t\"Cyclomatic Complexity\", \n\t\tmethodGroup.Max(m => parseDoubleToInt(m.Attribute(\"cyclomaticComplexity\").Value))),\n\tnew Metric(\n\t\t\"Sequence Coverage\", \n\t\tmethodGroup.Max(m => parseDoubleToInt(m.Attribute(\"sequenceCoverage\").Value))),\n\tnew Metric(\n\t\t\"Branch Coverage\", \n\t\tmethodGroup.Max(m => parseDoubleToInt(m.Attribute(\"branchCoverage\").Value)))\n};\n```\r\n\r\nThough, I think a better solution would be to support double values in the Metric class. Note also that I suppose that a cyclomatic coplexity should always be an integer value, nevertheless, I passed it into my lambda too...\r\n\r\nPS: you'll find attached the failing opencover report I used to reproduce this.\r\n\r\nHope this helps.\n",
      "PostedDate": "2013-01-30T09:40:51.807-08:00",
      "Id": -2147483648
    },
    {
      "Message": "",
      "PostedDate": "2013-01-30T12:05:47.48-08:00",
      "Id": -2147483648
    },
    {
      "Message": "Thanks for the new version: downloaded it, ran it, then dropped my temporary fix :)",
      "PostedDate": "2013-01-31T02:06:47.803-08:00",
      "Id": -2147483648
    },
    {
      "Message": "",
      "PostedDate": "2013-02-14T13:16:44.23-08:00",
      "Id": -2147483648
    },
    {
      "Message": "",
      "PostedDate": "2013-05-16T02:56:09.27-07:00",
      "Id": -2147483648
    }
  ]
}