[
  {
    "Title": "Home",
    "Id": "1791871",
    "ParentWikiTitle": "Home",
    "FileExtension": "html",
    "UpdatedDate": "2015-03-05T11:56:59.163-08:00",
    "FileAttachments": [
      {
        "Id": "ab1adb1f-c5c1-44b0-9efb-f89f29cd84bb",
        "FileName": "ProgrammIcon32x32.png",
        "DownloadUri": "./1791871/ab1adb1f-c5c1-44b0-9efb-f89f29cd84bb"
      },
      {
        "Id": "3579dcb6-bb22-406a-8c36-6c4a5e342ff6",
        "FileName": "screenshot1.gif",
        "DownloadUri": "./1791871/3579dcb6-bb22-406a-8c36-6c4a5e342ff6"
      },
      {
        "Id": "4a9e03d5-c2b8-4cd2-a885-d0c3668c08ad",
        "FileName": "screenshot2.gif",
        "DownloadUri": "./1791871/4a9e03d5-c2b8-4cd2-a885-d0c3668c08ad"
      },
      {
        "Id": "610bcbc5-ad57-4256-ac2d-5127791cec2b",
        "FileName": "GitHub-Mark-64px.png",
        "DownloadUri": "./1791871/610bcbc5-ad57-4256-ac2d-5127791cec2b"
      }
    ]
  },
  {
    "Title": "Documentation",
    "Id": "1791868",
    "ParentWikiTitle": "Documentation",
    "FileExtension": "codeplexwiki",
    "UpdatedDate": "2015-03-05T11:54:27.937-08:00",
    "FileAttachments": []
  },
  {
    "Title": "FAQ",
    "Id": "1779873",
    "ParentWikiTitle": "Documentation",
    "FileExtension": "codeplexwiki",
    "UpdatedDate": "2015-01-13T01:11:50.25-08:00",
    "FileAttachments": []
  },
  {
    "Title": "Custom reports",
    "Id": "1698968",
    "ParentWikiTitle": "Documentation",
    "FileExtension": "codeplexwiki",
    "UpdatedDate": "2015-01-06T02:28:35.56-08:00",
    "FileAttachments": [
      {
        "Id": "bdb794a2-12de-49e0-a69b-00e7dc60948d",
        "FileName": "CustomReportTypes.zip",
        "DownloadUri": "./1698968/bdb794a2-12de-49e0-a69b-00e7dc60948d"
      },
      {
        "Id": "933eaf92-679f-4abd-a522-7299677685f0",
        "FileName": "CyclomaticComplexityReport.zip",
        "DownloadUri": "./1698968/933eaf92-679f-4abd-a522-7299677685f0"
      }
    ]
  },
  {
    "Title": "Visual Studio Coverage Tools",
    "Id": "751510",
    "ParentWikiTitle": "Documentation",
    "FileExtension": "codeplexwiki",
    "UpdatedDate": "2013-07-09T00:47:53.103-07:00",
    "FileAttachments": []
  }
]
